SG_UF;CD_CARGO;DS_CARGO;SQ_CANDIDATO;NR_CANDIDATO;NM_URNA_CANDIDATO;SG_PARTIDO
MG;6;DEPUTADO FEDERAL;130002543714;4010;DUARTE JUNIOR;PSB
MG;6;DEPUTADO FEDERAL;130002543720;4000;RENATO ANDRADE;PSB
MG;6;DEPUTADO FEDERAL;130002543692;4047;IARA CENDON;PSB
MG;6;DEPUTADO FEDERAL;130002543706;4030;PEDRO GAMA;PSB
MG;6;DEPUTADO FEDERAL;130002543694;4090;LILIAN SOARES;PSB
MG;6;DEPUTADO FEDERAL;130002547905;1516;ADRIANA RODRIGUES;MDB
MG;6;DEPUTADO FEDERAL;130002547920;1569;VAGNER DE OLIVEIRA;MDB
MG;6;DEPUTADO FEDERAL;130002547924;1520;BERNARDO OTOCH;MDB
MG;6;DEPUTADO FEDERAL;130002547898;1560;MARY CAMARGOS;MDB
MG;6;DEPUTADO FEDERAL;130002547910;1535;RODRIGO LIDERANCA;MDB
MG;6;DEPUTADO FEDERAL;130002547931;1578;LETIM DO RETIRO;MDB
MG;6;DEPUTADO FEDERAL;130002534501;3001;MARCO ANTONIO SUPERMAN;NOVO
MG;6;DEPUTADO FEDERAL;130002534498;3014;THIAGO LISBOA MARANATA;NOVO
MG;6;DEPUTADO FEDERAL;130002534495;3054;ARIEVLIS;NOVO
MG;6;DEPUTADO FEDERAL;130002534465;3012;PEDRO LIMA;NOVO
MG;6;DEPUTADO FEDERAL;130002534470;3073;EGMAR GONCALVES;NOVO
MG;6;DEPUTADO FEDERAL;130002553035;3343;JARBAS PIMENTA;MOBILIZA
MG;6;DEPUTADO FEDERAL;130002553040;3366;MARILDA MACIEL;MOBILIZA
MG;6;DEPUTADO FEDERAL;130002534484;3010;GIOVANI DOS SANTOS;NOVO
MG;6;DEPUTADO FEDERAL;130002534461;3006;MIRIAM GUZELLA;NOVO
MG;6;DEPUTADO FEDERAL;130002534467;3058;ADRIANA DINIZ;NOVO
MG;6;DEPUTADO FEDERAL;130002534491;3013;PROFESSORA ABIGAIL CARVALHO;NOVO
MG;6;DEPUTADO FEDERAL;130002534494;3047;PLINIO TRUMP;NOVO
MG;6;DEPUTADO FEDERAL;130002553031;3334;VENICIO HISTORIADOR;MOBILIZA
MG;6;DEPUTADO FEDERAL;130002553032;3328;MAURICIO POETA;MOBILIZA
MG;6;DEPUTADO FEDERAL;130002553047;3365;VITORIA;MOBILIZA
MG;6;DEPUTADO FEDERAL;130002534490;3060;PAULO EUGENIO;NOVO
MG;6;DEPUTADO FEDERAL;130002545584;5505;PAULO FILHO DA FUNDACAO;PSD
MG;6;DEPUTADO FEDERAL;130002545559;5555;DIEGO ANDRADE;PSD
MG;6;DEPUTADO FEDERAL;130002545569;5569;BINGA;PSD
MG;6;DEPUTADO FEDERAL;130002545571;5599;FABRICIO SIRIO;PSD
MG;6;DEPUTADO FEDERAL;130002545580;5577;ROSE FELIX;PSD
MG;6;DEPUTADO FEDERAL;130002543595;7018;LUCIANA SCHETTINI;AVANTE
MG;6;DEPUTADO FEDERAL;130002543603;7005;PROF. FRED;AVANTE
MG;6;DEPUTADO FEDERAL;130002552138;7097;CORONEL FABIO;AVANTE
MG;6;DEPUTADO FEDERAL;130002551490;7021;ANA TOUR;AVANTE
MG;6;DEPUTADO FEDERAL;130002543629;7022;ALBERTO SILVA - BETTO;AVANTE
MG;6;DEPUTADO FEDERAL;130002543620;7087;ATALIBA SANTANA;AVANTE
MG;6;DEPUTADO FEDERAL;130002543622;7009;PAI DO KAIO JORGE;AVANTE
MG;6;DEPUTADO FEDERAL;130002543112;7070;LUIS TIBE;AVANTE
MG;6;DEPUTADO FEDERAL;130002550172;7774;BENHUR ABRAHAO;SOLIDARIEDADE
MG;6;DEPUTADO FEDERAL;130002533256;2501;HELIO BARBOSA;PRD
MG;6;DEPUTADO FEDERAL;130002533252;2522;CARLAO AGORA;PRD
MG;6;DEPUTADO FEDERAL;130002550173;7770;VALDIR SANTOS;SOLIDARIEDADE
MG;6;DEPUTADO FEDERAL;130002533253;2577;LUCIENE MELO;PRD
MG;6;DEPUTADO FEDERAL;130002533272;7722;OTAVIO CAMPOS;SOLIDARIEDADE
MG;6;DEPUTADO FEDERAL;130002533251;2505;DRA. MARCIA;PRD
MG;6;DEPUTADO FEDERAL;130002550170;7745;VIVI LIMA;SOLIDARIEDADE
MG;6;DEPUTADO FEDERAL;130002538260;1255;RONILDO REIS;PDT
MG;6;DEPUTADO FEDERAL;130002538254;1233;ADRIANA PAZ;PDT
MG;6;DEPUTADO FEDERAL;130002538266;1242;LORENA COSTA;PDT
MG;6;DEPUTADO FEDERAL;130002538272;1269;SIMONE SANTOS;PDT
MG;6;DEPUTADO FEDERAL;130002538270;1230;LILI DO GARI;PDT
MG;6;DEPUTADO FEDERAL;130002538294;1278;TIA BEL;PDT
MG;6;DEPUTADO FEDERAL;130002538258;1224;SAMARA  BRAGA;PDT
MG;6;DEPUTADO FEDERAL;130002538280;1244;LOCUTOR FRANK LIVRAMENTO;PDT
MG;6;DEPUTADO FEDERAL;130002538290;1218;DR JULIO CESAR;PDT
MG;6;DEPUTADO FEDERAL;130002538253;1250;FABIO BOERI;PDT
MG;6;DEPUTADO FEDERAL;130002538295;1251;NATALIA DE JESUS;PDT
MG;6;DEPUTADO FEDERAL;130002542003;2250;LAFAYETTE ANDRADA;PL
MG;6;DEPUTADO FEDERAL;130002542014;2292;ATAIDE VILELA;PL
MG;6;DEPUTADO FEDERAL;130002542016;2244;MARCELO ALVARO ANTONIO;PL
MG;6;DEPUTADO FEDERAL;130002541999;2278;ANDRE COSTA;PL
MG;6;DEPUTADO FEDERAL;130002539841;4570;LEONARDO MATTOS;PSDB
MG;6;DEPUTADO FEDERAL;130002539852;4565;JUSSARA SENA;PSDB
MG;6;DEPUTADO FEDERAL;130002548781;2055;WILSINHO DA TABU;PODE
MG;6;DEPUTADO FEDERAL;130002548798;2038;MARIO KNICHALLA CACADOR;PODE
MG;6;DEPUTADO FEDERAL;130002548788;2026;RUBAO;PODE
MG;6;DEPUTADO FEDERAL;130002548795;2020;NELY AQUINO;PODE
MG;6;DEPUTADO FEDERAL;130002548818;2007;PASTORA TEREZINHA;PODE
MG;6;DEPUTADO FEDERAL;130002548786;2090;CAPITAO VELOSO;PODE
MG;6;DEPUTADO FEDERAL;130002535294;1368;JOAO MARES GUIA;PT
MG;6;DEPUTADO FEDERAL;130002535309;1351;NANCI MENEZES;PT
MG;6;DEPUTADO FEDERAL;130002535314;1350;GILMAR MACHADO;PT
MG;6;DEPUTADO FEDERAL;130002539640;1326;AMANTINO ANDRADE;PT
MG;6;DEPUTADO FEDERAL;130002538960;1899;ALFREDO PASTORI;REDE
MG;6;DEPUTADO FEDERAL;130002539727;5000;MARIA DA CONSOLACAO;PSOL
MG;6;DEPUTADO FEDERAL;130002538961;1874;SAULO SILVA;REDE
MG;6;DEPUTADO FEDERAL;130002538973;5020;EVELLYN LOREN;PSOL
MG;6;DEPUTADO FEDERAL;130002539729;5015;IORRANA JULLYCE;PSOL
MG;6;DEPUTADO FEDERAL;130002551253;2708;JOAO AGRIPINO;DC
MG;6;DEPUTADO FEDERAL;130002551258;2722;VALDIVINO RITA VININHO;DC
MG;6;DEPUTADO FEDERAL;130002551256;2707;TAVINHO DO DOM BOSCO;DC
MG;6;DEPUTADO FEDERAL;130002544432;1441;JOYCE RIANELLI;MISSÃO
MG;6;DEPUTADO FEDERAL;130002544434;1445;JOAO PAULO NAGASHI;MISSÃO
MG;6;DEPUTADO FEDERAL;130002544429;1414;CARLOS HENRIQUE DIAS;MISSÃO
MG;6;DEPUTADO FEDERAL;130002544431;1411;ELENORA VALE;MISSÃO
MG;6;DEPUTADO FEDERAL;130002542744;1133;ELIO LACERDA;PP
MG;6;DEPUTADO FEDERAL;130002542730;4444;DELEGADO MARCELO FREITAS;UNIÃO
MG;6;DEPUTADO FEDERAL;130002542715;4450;RODRIGO DE CASTRO;UNIÃO
MG;6;DEPUTADO FEDERAL;130002542728;4404;ELEONORA DO CEM;UNIÃO
MG;6;DEPUTADO FEDERAL;130002542714;1199;ANA PAULA LEAO;PP
MG;6;DEPUTADO FEDERAL;130002537199;1000;GLEIDSON AZEVEDO;REPUBLICANOS
MG;6;DEPUTADO FEDERAL;130002537203;1078;MAYCON MATOS ADVOGADO DO BPC;REPUBLICANOS
MG;6;DEPUTADO FEDERAL;130002537208;1020;JAIME DANIEL;REPUBLICANOS
MG;7;DEPUTADO ESTADUAL;130002535340;43123;ADALCLEVER LOPES;PV
MG;7;DEPUTADO ESTADUAL;130002535374;13100;DR. JEAN FREIRE;PT
MG;7;DEPUTADO ESTADUAL;130002535338;13654;PROFESSOR JALES;PT
MG;7;DEPUTADO ESTADUAL;130002535365;43789;CARLITO DO TEMPERO ARRUDA;PV
MG;7;DEPUTADO ESTADUAL;130002535388;43999;FABAO;PV
MG;7;DEPUTADO ESTADUAL;130002535350;13555;ANDRE QUINTAO;PT
MG;7;DEPUTADO ESTADUAL;130002535337;13001;HENRICO BARBOZA;PT
MG;7;DEPUTADO ESTADUAL;130002533529;35111;MARCELO AUGUSTO;DEMOCRATA
MG;7;DEPUTADO ESTADUAL;130002533503;35199;ROMULO LOPES;DEMOCRATA
MG;7;DEPUTADO ESTADUAL;130002533518;35678;GLYCON TERRA;DEMOCRATA
MG;7;DEPUTADO ESTADUAL;130002533508;35999;RAPHA SALES;DEMOCRATA
MG;7;DEPUTADO ESTADUAL;130002533530;35810;JUSSARA BRAGA;DEMOCRATA
MG;7;DEPUTADO ESTADUAL;130002539910;10000;LUD FALCAO;REPUBLICANOS
MG;7;DEPUTADO ESTADUAL;130002539882;10022;MARCELO BATALHA;REPUBLICANOS
MG;7;DEPUTADO ESTADUAL;130002539894;10773;PAULO HENRIQUE POTOCA;REPUBLICANOS
MG;7;DEPUTADO ESTADUAL;130002541304;21113;ZULU;PCB
MG;7;DEPUTADO ESTADUAL;130002541306;21000;PROFESSOR MARIO MARIANO;PCB
MG;7;DEPUTADO ESTADUAL;130002539900;10669;RONALDO PEREIRA DA SILVA;REPUBLICANOS
MG;7;DEPUTADO ESTADUAL;130002539892;10515;PROFESSORA LIDIA JORDAO;REPUBLICANOS
MG;7;DEPUTADO ESTADUAL;130002539890;10900;MARISTELA LACO FORTE;REPUBLICANOS
MG;7;DEPUTADO ESTADUAL;130002539911;10103;GILVANA RAMGRAB;REPUBLICANOS
MG;7;DEPUTADO ESTADUAL;130002539904;10777;LU PRAXEDES;REPUBLICANOS
MG;7;DEPUTADO ESTADUAL;130002539901;10200;JEPHERSON MADUREIRA;REPUBLICANOS
MG;7;DEPUTADO ESTADUAL;130002539493;50100;BRENDA MARQUES PENA;PSOL
MG;7;DEPUTADO ESTADUAL;130002539504;50555;MILTAO DO MENEZES;PSOL
MG;7;DEPUTADO ESTADUAL;130002539528;50150;CLAUDIO DO JORNAL;PSOL
MG;7;DEPUTADO ESTADUAL;130002539490;50099;IZA LOURENCA;PSOL
MG;7;DEPUTADO ESTADUAL;130002539502;18000;CLAUDIA GUERRA;REDE
MG;7;DEPUTADO ESTADUAL;130002539529;50550;EDINHO CARIOCA;PSOL
MG;7;DEPUTADO ESTADUAL;130002539508;50452;VILSON O CATADOR DE SONHOS;PSOL
MG;7;DEPUTADO ESTADUAL;130002539485;18001;MIGUEL ROCHA;REDE
MG;7;DEPUTADO ESTADUAL;130002539526;50180;MARINA CAMPOS;PSOL
MG;7;DEPUTADO ESTADUAL;130002542077;22220;CABO DIEGO;PL
MG;7;DEPUTADO ESTADUAL;130002542107;22111;PABLO ALMEIDA;PL
MG;7;DEPUTADO ESTADUAL;130002542051;22193;LUCAS MENDES BOMBEIRO;PL
MG;7;DEPUTADO ESTADUAL;130002542088;22077;RODRIGO NICOLAU;PL
MG;7;DEPUTADO ESTADUAL;130002542055;22045;ESTER PONTES;PL
MG;7;DEPUTADO ESTADUAL;130002542058;22211;VITTORIO MEDIOLI;PL
MG;7;DEPUTADO ESTADUAL;130002542063;22450;FABIO CORLAITI;PL
MG;7;DEPUTADO ESTADUAL;130002542103;22200;PROFESSORA VALERIA EVANGELISTA;PL
MG;7;DEPUTADO ESTADUAL;130002542046;22223;FELIPE MATEUS;PL
MG;7;DEPUTADO ESTADUAL;130002542084;22380;LINCOLN DRUMOND;PL
MG;7;DEPUTADO ESTADUAL;130002542087;22144;DR. LEONARDO CONDE;PL
MG;7;DEPUTADO ESTADUAL;130002542076;22322;BELINHA;PL
MG;7;DEPUTADO ESTADUAL;130002542111;22456;ADEMIR SANTOS;PL
MG;7;DEPUTADO ESTADUAL;130002542098;22177;PASTOR RINALDO SILVA;PL
MG;7;DEPUTADO ESTADUAL;130002540068;12777;GLEICILENE DEFENSORA;PDT
MG;7;DEPUTADO ESTADUAL;130002540065;12367;JUZELI SOUZA;PDT
MG;7;DEPUTADO ESTADUAL;130002540034;12066;GIANNY DO ODILON BRAZ;PDT
MG;7;DEPUTADO ESTADUAL;130002540038;12006;VANUSA DE CASSIA;PDT
MG;7;DEPUTADO ESTADUAL;130002544413;14700;FELIPE SOUZA CRUZ;MISSÃO
MG;7;DEPUTADO ESTADUAL;130002544415;14400;BERNARDO VALLADARES;MISSÃO
MG;7;DEPUTADO ESTADUAL;130002549946;55225;EDIR;PSD
MG;7;DEPUTADO ESTADUAL;130002549939;55200;BOSCO;PSD
MG;7;DEPUTADO ESTADUAL;130002549956;55507;DARA LEAL;PSD
MG;7;DEPUTADO ESTADUAL;130002549947;55444;LEANDRO GENARO JUNTOS SOMOS +;PSD
MG;7;DEPUTADO ESTADUAL;130002549957;55240;TITO TORRES;PSD
MG;7;DEPUTADO ESTADUAL;130002542761;44999;CLEITON XAVIER;UNIÃO
MG;7;DEPUTADO ESTADUAL;130002542795;11032;HENRIQUE FERREIRA;PP
MG;7;DEPUTADO ESTADUAL;130002542762;44050;RANDOLFO BARAO;UNIÃO
MG;7;DEPUTADO ESTADUAL;130002542808;44070;ZE DO LEITE;UNIÃO
MG;7;DEPUTADO ESTADUAL;130002542807;44055;GERCI FILHO - SABONETE;UNIÃO
MG;7;DEPUTADO ESTADUAL;130002550130;15025;JOAO FRAGOSO;MDB
MG;7;DEPUTADO ESTADUAL;130002542767;11222;GERALDO VALE;PP
MG;7;DEPUTADO ESTADUAL;130002542780;11007;ALINE SOARES;PP
MG;7;DEPUTADO ESTADUAL;130002542815;11436;MISSIONARIA MARIA VALERIA;PP
MG;7;DEPUTADO ESTADUAL;130002550157;15700;CACULA O HOMEM DO POVO;MDB
MG;7;DEPUTADO ESTADUAL;130002550133;15404;VALDECIR GUADALUPE;MDB
MG;7;DEPUTADO ESTADUAL;130002550155;15321;VITOR PORTO;MDB
MG;7;DEPUTADO ESTADUAL;130002550153;15018;LORENE ALVEZ;MDB
MG;7;DEPUTADO ESTADUAL;130002550122;15555;JULIANA JABER;MDB
MG;7;DEPUTADO ESTADUAL;130002550127;15815;LEANDRO VICTOR;MDB
MG;7;DEPUTADO ESTADUAL;130002550131;15146;ROMER SANTRER;MDB
MG;7;DEPUTADO ESTADUAL;130002550176;77040;JEFERSON SPUTNIK;SOLIDARIEDADE
MG;7;DEPUTADO ESTADUAL;130002532918;25511;CINTIA DA FARMACIA;PRD
MG;7;DEPUTADO ESTADUAL;130002533214;25000;WILLIAM PARREIRA;PRD
MG;7;DEPUTADO ESTADUAL;130002550180;77002;SIMONE CALDAS;SOLIDARIEDADE
MG;7;DEPUTADO ESTADUAL;130002532944;25800;MARCIO LIMA DA SAUDE;PRD
MG;7;DEPUTADO ESTADUAL;130002532938;77200;VITORIA DA SOLIDARIEDADE;SOLIDARIEDADE
MG;7;DEPUTADO ESTADUAL;130002551751;36040;ALEXANDRA NOQUINHA;AGIR
MG;7;DEPUTADO ESTADUAL;130002551499;36666;SIMONE PASSOS (SISI);AGIR
MG;7;DEPUTADO ESTADUAL;130002551500;36377;SANDRA MORRONE;AGIR
MG;7;DEPUTADO ESTADUAL;130002551757;36010;PALAO DO MOTOTAXI;AGIR
MG;7;DEPUTADO ESTADUAL;130002551763;36123;DR. JORGE ALI;AGIR
MG;7;DEPUTADO ESTADUAL;130002551779;36555;FERNANDA BITENCO;AGIR
MG;7;DEPUTADO ESTADUAL;130002551780;36222;CAMILA VIANA;AGIR
MG;7;DEPUTADO ESTADUAL;130002551761;36277;DU DO RESTAURANTE;AGIR
MG;7;DEPUTADO ESTADUAL;130002543642;40347;ANTONIO ELIZEU MARATONISTA;PSB
MG;7;DEPUTADO ESTADUAL;130002543665;40333;JOAO DO JOANINHO;PSB
MG;7;DEPUTADO ESTADUAL;130002543635;40030;BELLA DA ACADEMIA;PSB
MG;7;DEPUTADO ESTADUAL;130002543636;40013;CESAR GORDIN;PSB
MG;7;DEPUTADO ESTADUAL;130002543658;40444;JOSE LUCAS ENFERMEIRO;PSB
MG;7;DEPUTADO ESTADUAL;130002534562;30000;RIAN PEREIRA;NOVO
MG;7;DEPUTADO ESTADUAL;130002534527;30990;FLAVIO GENTEFELIZ;NOVO
MG;7;DEPUTADO ESTADUAL;130002534525;30126;RENATA CARVALHO;NOVO
MG;7;DEPUTADO ESTADUAL;130002534577;30031;EUGENIO SOUSA;NOVO
MG;7;DEPUTADO ESTADUAL;130002534520;30321;CLEITON PINTO;NOVO
MG;7;DEPUTADO ESTADUAL;130002534546;30555;CAROL FABBRI;NOVO
MG;7;DEPUTADO ESTADUAL;130002554145;30004;SAORI VOLKOV;NOVO
MG;7;DEPUTADO ESTADUAL;130002534551;30130;DR. JOAO BUCOMAXILO;NOVO
MG;7;DEPUTADO ESTADUAL;130002534510;30011;ZE LAVIOLA;NOVO
MG;7;DEPUTADO ESTADUAL;130002534521;30880;OTAVIO MAIA;NOVO
MG;7;DEPUTADO ESTADUAL;130002544374;70999;HILDA MARIA CRUZ;AVANTE
MG;7;DEPUTADO ESTADUAL;130002548741;20500;LUIZ DE IPOEMA;PODE
MG;7;DEPUTADO ESTADUAL;130002548704;20212;SARGENTO WARLEY;PODE
MG;7;DEPUTADO ESTADUAL;130002544123;70700;DR. CAIO;AVANTE
MG;7;DEPUTADO ESTADUAL;130002548756;20404;MARIE SOUTO;PODE
MG;7;DEPUTADO ESTADUAL;130002544406;70200;PASTOR GERALDO MAGELO;AVANTE
MG;7;DEPUTADO ESTADUAL;130002544396;70555;ADRIANA DO GAS;AVANTE
MG;7;DEPUTADO ESTADUAL;130002548743;20602;DR. AILTON FISIOTERAPEUTA;PODE
MG;7;DEPUTADO ESTADUAL;130002548727;20011;DENTINHO NOGUEIRA;PODE
MG;7;DEPUTADO ESTADUAL;130002540606;45455;MARCO ANTONIO GUIMARAES;PSDB
MG;7;DEPUTADO ESTADUAL;130002540607;45205;NETO LUCIO;PSDB
MG;7;DEPUTADO ESTADUAL;130002540596;45123;GLAYCON FRANCO;PSDB
MG;7;DEPUTADO ESTADUAL;130002540595;45111;EDUARDO PEIXE;PSDB
MG;7;DEPUTADO ESTADUAL;130002552433;33345;VANILSA NUSA;MOBILIZA
MG;7;DEPUTADO ESTADUAL;130002552461;33010;MINEIA DO GLORIA;MOBILIZA
MG;7;DEPUTADO ESTADUAL;130002552410;33777;KAIO GUIMARAES;MOBILIZA
MG;7;DEPUTADO ESTADUAL;130002554350;33911;LEANDRO ALMEIDA;MOBILIZA
MG;7;DEPUTADO ESTADUAL;130002552419;33300;BEL ANDRADE;MOBILIZA
MG;7;DEPUTADO ESTADUAL;130002553025;33933;ROBERSON ARAUJO;MOBILIZA
MG;4;VICE-GOVERNADOR;130002544410;14;CABO DAVID SOUZA;MISSÃO
MG;5;SENADOR;130002552311;290;TIAO PESSOA;PCO
MG;5;SENADOR;130002550560;131;MARILIA CAMPOS;PT
MG;10;2º SUPLENTE;130002551266;277;NOEL GONCALVES DE OLIVEIRA;DC
MG;10;2º SUPLENTE;130002551925;161;ISRAEL PINHEIRO;PSTU
MG;3;GOVERNADOR;130002547874;80;INDIRA XAVIER;UP
MG;3;GOVERNADOR;130002552296;10;CLEITINHO AZEVEDO;REPUBLICANOS
MG;9;1º SUPLENTE;130002551264;277;RITA DE CASSIA ALVES REZENDE D;DC
MG;9;1º SUPLENTE;130002547883;808;SANDRO ALBERTO;UP
MG;9;1º SUPLENTE;130002554333;456;GUSTAVO GALASSI;PSDB
MG;9;1º SUPLENTE;130002551928;160;ORALDO PAIVA;PSTU
MG;6;DEPUTADO FEDERAL;130002543707;4080;LUIZ FERNANDO;PSB
MG;6;DEPUTADO FEDERAL;130002543713;4099;ITAMARPEDRAAZUL;PSB
MG;6;DEPUTADO FEDERAL;130002543711;4091;GORETE DA HABITACAO;PSB
MG;6;DEPUTADO FEDERAL;130002543696;4057;VILSON DA FETAEMG;PSB
MG;6;DEPUTADO FEDERAL;130002543691;4064;FERNANDO FAGUNDES;PSB
MG;6;DEPUTADO FEDERAL;130002547932;1556;STEFANIO;MDB
MG;6;DEPUTADO FEDERAL;130002553604;1577;ALEX ALAN E ALEX;MDB
MG;6;DEPUTADO FEDERAL;130002534460;3027;MARIA EUGENIA;NOVO
MG;6;DEPUTADO FEDERAL;130002534493;3015;HENRIQUE FISCALIZA;NOVO
MG;6;DEPUTADO FEDERAL;130002534481;3033;WARLEY MOL;NOVO
MG;6;DEPUTADO FEDERAL;130002534485;3082;EDILSON GR;NOVO
MG;6;DEPUTADO FEDERAL;130002534458;3026;ADRIANA AGUIAR;NOVO
MG;6;DEPUTADO FEDERAL;130002534463;3007;MARCIO BERNARDINO;NOVO
MG;6;DEPUTADO FEDERAL;130002553036;3322;ANTONIO OTAVIO TJ;MOBILIZA
MG;6;DEPUTADO FEDERAL;130002553049;3316;MARIO JUSTINO;MOBILIZA
MG;6;DEPUTADO FEDERAL;130002553027;3300;FABIO CARVALHO JUNIOR;MOBILIZA
MG;6;DEPUTADO FEDERAL;130002553050;3345;HELIO PINHEIRO PERERECA;MOBILIZA
MG;6;DEPUTADO FEDERAL;130002545585;5588;CASSIO SOARES;PSD
MG;6;DEPUTADO FEDERAL;130002543621;7040;LAZARO MOTORISTA;AVANTE
MG;6;DEPUTADO FEDERAL;130002543624;7066;LUIZ FERNANDO DO FORUM;AVANTE
MG;6;DEPUTADO FEDERAL;130002533250;2540;DR. AILTON;PRD
MG;6;DEPUTADO FEDERAL;130002533261;2566;WANDERSON FERREIRA FERRUGEM;PRD
MG;6;DEPUTADO FEDERAL;130002533234;2508;LILIANA MORAES;PRD
MG;6;DEPUTADO FEDERAL;130002533235;2567;LUCIO GUIMARAES;PRD
MG;6;DEPUTADO FEDERAL;130002550167;7707;ANDREI COLARES;SOLIDARIEDADE
MG;6;DEPUTADO FEDERAL;130002533264;7700;OLAVO KEESEN;SOLIDARIEDADE
MG;6;DEPUTADO FEDERAL;130002550168;7787;VANINHA;SOLIDARIEDADE
MG;6;DEPUTADO FEDERAL;130002533239;2545;EDER FERREIRA DA UNIPABE;PRD
MG;6;DEPUTADO FEDERAL;130002538268;1205;GABI SALES;PDT
MG;6;DEPUTADO FEDERAL;130002538291;1217;MARCOS REIS;PDT
MG;6;DEPUTADO FEDERAL;130002538298;1266;RONALDO BOM BRASIL;PDT
MG;6;DEPUTADO FEDERAL;130002538278;1277;ERASMO VARZEA DA PALMA;PDT
MG;6;DEPUTADO FEDERAL;130002552303;2929;LOURDES FRANCISCO;PCO
MG;6;DEPUTADO FEDERAL;130002541993;2288;HERMANO FREITAS;PL
MG;6;DEPUTADO FEDERAL;130002542019;2270;GREYCE ELIAS;PL
MG;6;DEPUTADO FEDERAL;130002542004;2232;DELEGADA IONE;PL
MG;6;DEPUTADO FEDERAL;130002539854;4526;ALEKS VIANA;PSDB
MG;6;DEPUTADO FEDERAL;130002539857;4513;LAIZA PAMELA;PSDB
MG;6;DEPUTADO FEDERAL;130002539842;4545;PAULO ABI-ACKEL;PSDB
MG;6;DEPUTADO FEDERAL;130002539877;4550;ROGERIO FERREIRA;PSDB
MG;6;DEPUTADO FEDERAL;130002539871;2300;FLECHA DE LIMA;CIDADANIA
MG;6;DEPUTADO FEDERAL;130002539855;4599;DOCA MASTROIANO;PSDB
MG;6;DEPUTADO FEDERAL;130002542030;2207;LETICIA SANTIAGO;PL
MG;6;DEPUTADO FEDERAL;130002542041;2272;PERINHO DA TIGRESA;PL
MG;6;DEPUTADO FEDERAL;130002542017;2240;EMIDINHO MADEIRA;PL
MG;6;DEPUTADO FEDERAL;130002541995;2203;CRISTIANO CAPITOLIO;PL
MG;6;DEPUTADO FEDERAL;130002548775;2034;ANDREA LIMA;PODE
MG;6;DEPUTADO FEDERAL;130002548790;2024;FATIMA BURGUER;PODE
MG;6;DEPUTADO FEDERAL;130002548777;2065;DUDA DO LAVA JATO;PODE
MG;6;DEPUTADO FEDERAL;130002548807;2070;DR. HUGO;PODE
MG;6;DEPUTADO FEDERAL;130002548791;2056;DR CLAUDIO - DINHO;PODE
MG;6;DEPUTADO FEDERAL;130002548810;2096;FABIO PIRES;PODE
MG;6;DEPUTADO FEDERAL;130002548776;2095;EDER;PODE
MG;6;DEPUTADO FEDERAL;130002535276;1314;ANA PIMENTEL;PT
MG;6;DEPUTADO FEDERAL;130002535318;4333;ANDERSON ADAUTO;PV
MG;6;DEPUTADO FEDERAL;130002535279;1313;ROGERIO CORREIA;PT
MG;6;DEPUTADO FEDERAL;130002535295;4399;FERNANDO FEIJAO;PV
MG;6;DEPUTADO FEDERAL;130002535286;1339;MIGUEL ANGELO;PT
MG;6;DEPUTADO FEDERAL;130002535292;1308;MARCIO DO NASA;PT
MG;6;DEPUTADO FEDERAL;130002535303;1315;PADRE JOAO;PT
MG;6;DEPUTADO FEDERAL;130002535299;1391;JOANA DARC GUIMARAES;PT
MG;6;DEPUTADO FEDERAL;130002539737;1811;FERNANDA KHOIRI;REDE
MG;6;DEPUTADO FEDERAL;130002538964;5007;FELIPPE BRANCO;PSOL
MG;6;DEPUTADO FEDERAL;130002538967;1840;PABLO FIGUEIREDO;REDE
MG;6;DEPUTADO FEDERAL;130002539728;5050;DUDA SALABERT;PSOL
MG;6;DEPUTADO FEDERAL;130002539731;1846;TAMARA OLIVEIRA;REDE
MG;6;DEPUTADO FEDERAL;130002538963;1818;SANDRO HELENO;REDE
MG;6;DEPUTADO FEDERAL;130002551262;2700;DIACONISA DENISE;DC
MG;6;DEPUTADO FEDERAL;130002544428;1419;VALDEMAR ABRAO;MISSÃO
MG;6;DEPUTADO FEDERAL;130002542695;4433;SAMUEL VIANA;UNIÃO
MG;6;DEPUTADO FEDERAL;130002542697;1100;JUNYNHO MARTINS;PP
MG;6;DEPUTADO FEDERAL;130002554335;1130;ERIKA GUERRIERI;PP
MG;6;DEPUTADO FEDERAL;130002542732;1115;SHIRLEY ROSA;PP
MG;6;DEPUTADO FEDERAL;130002542733;4401;PROFESSOR CABO CUNHA;UNIÃO
MG;6;DEPUTADO FEDERAL;130002542712;4414;CABO ISA;UNIÃO
MG;6;DEPUTADO FEDERAL;130002537222;1081;JOSE CALDEIRA;REPUBLICANOS
MG;6;DEPUTADO FEDERAL;130002537196;1080;FABIO MAQUINAS;REPUBLICANOS
MG;6;DEPUTADO FEDERAL;130002537221;1011;FEINHO LOCUTOR;REPUBLICANOS
MG;6;DEPUTADO FEDERAL;130002537195;1002;ANDREA ROCHA;REPUBLICANOS
MG;7;DEPUTADO ESTADUAL;130002535379;43043;SARA VITRAL;PV
MG;7;DEPUTADO ESTADUAL;130002535357;43300;MARCELO MONTEIRO;PV
MG;7;DEPUTADO ESTADUAL;130002535368;43456;PROFESSOR GABRIEL MENDES;PV
MG;7;DEPUTADO ESTADUAL;130002535330;13120;CRISTIANO SILVEIRA;PT
MG;7;DEPUTADO ESTADUAL;130002535382;43700;PROFESSOR CLEITON;PV
MG;7;DEPUTADO ESTADUAL;130002533536;35022;MARTA LANCA;DEMOCRATA
MG;7;DEPUTADO ESTADUAL;130002533500;35443;SABRINA CRISTINA;DEMOCRATA
MG;7;DEPUTADO ESTADUAL;130002533519;35193;GUILHERME BOMBEIRO;DEMOCRATA
MG;7;DEPUTADO ESTADUAL;130002533533;35040;SANDRINHA;DEMOCRATA
MG;7;DEPUTADO ESTADUAL;130002533510;35100;DR ROBSON AUGUSTO;DEMOCRATA
MG;7;DEPUTADO ESTADUAL;130002539880;10100;CHARLES SANTOS;REPUBLICANOS
MG;7;DEPUTADO ESTADUAL;130002552319;10008;LILIAN ENFERMEIRA;REPUBLICANOS
MG;7;DEPUTADO ESTADUAL;130002539897;10345;AMANDA BONTEMPO;REPUBLICANOS
MG;7;DEPUTADO ESTADUAL;130002539902;10707;MARCOS FROIS;REPUBLICANOS
MG;7;DEPUTADO ESTADUAL;130002539905;10123;CARLOS HENRIQUE;REPUBLICANOS
MG;7;DEPUTADO ESTADUAL;130002539889;10115;FABIANA GOULART PSICOLOGA;REPUBLICANOS
MG;7;DEPUTADO ESTADUAL;130002539887;10999;SAMPAIO;REPUBLICANOS
MG;7;DEPUTADO ESTADUAL;130002542062;22022;MARLI RIBEIRO;PL
MG;7;DEPUTADO ESTADUAL;130002542049;22555;IVSON GOMES;PL
MG;7;DEPUTADO ESTADUAL;130002542112;22310;SIRLENE GODINHO;PL
MG;7;DEPUTADO ESTADUAL;130002542073;22107;LAERTE STRADA;PL
MG;7;DEPUTADO ESTADUAL;130002542105;22260;DR. ROGERIO LEAL;PL
MG;7;DEPUTADO ESTADUAL;130002542071;22777;CHIARA BIONDINI;PL
MG;7;DEPUTADO ESTADUAL;130002540019;12910;JONAS PEDREIRO;PDT
MG;7;DEPUTADO ESTADUAL;130002540051;12222;ERIADNA RUAS;PDT
MG;7;DEPUTADO ESTADUAL;130002540070;12056;DR FERNANDO BONDOSO;PDT
MG;7;DEPUTADO ESTADUAL;130002540028;12333;FALA LUIZ;PDT
MG;7;DEPUTADO ESTADUAL;130002540010;12345;BRUNO MIRANDA;PDT
MG;7;DEPUTADO ESTADUAL;130002540035;12020;MARCELO MAGNO RIBEIRO;PDT
MG;7;DEPUTADO ESTADUAL;130002544420;14001;JOSE AREAL;MISSÃO
MG;7;DEPUTADO ESTADUAL;130002544421;14555;GUILHERME RESENDE;MISSÃO
MG;7;DEPUTADO ESTADUAL;130002544416;14270;PAULO LEAL;MISSÃO
MG;7;DEPUTADO ESTADUAL;130002549951;55222;ISMAR MARAO;PSD
MG;7;DEPUTADO ESTADUAL;130002549943;55675;ROSE MICCRONI;PSD
MG;7;DEPUTADO ESTADUAL;130002549949;55789;DUARTE;PSD
MG;7;DEPUTADO ESTADUAL;130002549948;55555;DELEGADO CHRISTIANO XAVIER;PSD
MG;7;DEPUTADO ESTADUAL;130002549966;55123;DOUTOR WILSON BATISTA;PSD
MG;7;DEPUTADO ESTADUAL;130002542788;44567;JULIANA MATIAS;UNIÃO
MG;7;DEPUTADO ESTADUAL;130002542787;11195;HERCULES PINHEIRO;PP
MG;7;DEPUTADO ESTADUAL;130002542802;44678;JUNINHO FRAGA;UNIÃO
MG;7;DEPUTADO ESTADUAL;130002550123;15600;DRA LISETE BEATRIZ;MDB
MG;7;DEPUTADO ESTADUAL;130002542753;11111;ZE GUILHERME;PP
MG;7;DEPUTADO ESTADUAL;130002553631;15800;DALTON PESSOA;MDB
MG;7;DEPUTADO ESTADUAL;130002542782;11789;NAYARA ROCHA;PP
MG;7;DEPUTADO ESTADUAL;130002550119;15130;ANDREIA GOMES;MDB
MG;7;DEPUTADO ESTADUAL;130002550148;15620;CHARLES CARDOSO;MDB
MG;7;DEPUTADO ESTADUAL;130002550141;15456;ADILSON PE DE CHUMBO;MDB
MG;7;DEPUTADO ESTADUAL;130002532923;25321;MATEUS DA LESTE;PRD
MG;7;DEPUTADO ESTADUAL;130002532941;25123;FERNANDO BRENO;PRD
MG;7;DEPUTADO ESTADUAL;130002532937;25250;PASTOR DIVINO PEREIRA;PRD
MG;7;DEPUTADO ESTADUAL;130002550179;77177;VERA SARAIVA;SOLIDARIEDADE
MG;7;DEPUTADO ESTADUAL;130002532934;25234;DRA. MARCIA;PRD
MG;7;DEPUTADO ESTADUAL;130002533220;77250;BISPA CLAUDIA;SOLIDARIEDADE
MG;7;DEPUTADO ESTADUAL;130002532949;25100;DOUTOR WILL SANTOS NAP;PRD
MG;7;DEPUTADO ESTADUAL;130002551778;36210;ALEXANDRA ASSISTENTE SOCIAL;AGIR
MG;7;DEPUTADO ESTADUAL;130002551752;36360;VERON GUILHERME;AGIR
MG;7;DEPUTADO ESTADUAL;130002551759;36888;JO MOREIRA;AGIR
MG;7;DEPUTADO ESTADUAL;130002551760;36070;DR. ADEMIR CAMILO;AGIR
MG;7;DEPUTADO ESTADUAL;130002551771;36020;WILIAN FARIA;AGIR
MG;7;DEPUTADO ESTADUAL;130002551783;36135;TONINHO REAL;AGIR
MG;7;DEPUTADO ESTADUAL;130002551742;36013;FRED COUTO;AGIR
MG;7;DEPUTADO ESTADUAL;130002543637;40237;MARCELO RODRIGUES;PSB
MG;7;DEPUTADO ESTADUAL;130002543655;40140;MAICO GRACINHA CHAMA CHAMA;PSB
MG;7;DEPUTADO ESTADUAL;130002543633;40027;DANIEL DO IRINEU;PSB
MG;7;DEPUTADO ESTADUAL;130002534530;30001;PROFESSOR ALIPIO POLICARPO;NOVO
MG;7;DEPUTADO ESTADUAL;130002534534;30266;LAIS DRUMOND;NOVO
MG;7;DEPUTADO ESTADUAL;130002534524;30747;BRUNO CASTRO;NOVO
MG;7;DEPUTADO ESTADUAL;130002534507;30009;DR. GUILHERME VIKTOR PAOLUCCI;NOVO
MG;7;DEPUTADO ESTADUAL;130002534548;30530;SIMONE MELO;NOVO
MG;7;DEPUTADO ESTADUAL;130002534547;30381;JOSE AMIGAO;NOVO
MG;7;DEPUTADO ESTADUAL;130002534517;30028;DEBORAH SOUZA;NOVO
MG;7;DEPUTADO ESTADUAL;130002534552;30250;KARINA LIMA;NOVO
MG;7;DEPUTADO ESTADUAL;130002534531;30678;ELISEU BOMFA;NOVO
MG;7;DEPUTADO ESTADUAL;130002534523;30300;DANI MENUCCI;NOVO
MG;7;DEPUTADO ESTADUAL;130002534542;30005;TATY FERY;NOVO
MG;7;DEPUTADO ESTADUAL;130002534503;30035;BRISA ALMEIDA;NOVO
MG;7;DEPUTADO ESTADUAL;130002534579;30800;PROFESSOR LACOMBE.;NOVO
MG;7;DEPUTADO ESTADUAL;130002534538;30888;ADAN GODTFREDSEN;NOVO
MG;7;DEPUTADO ESTADUAL;130002548744;20555;GEORGIA MENDONCA;PODE
MG;7;DEPUTADO ESTADUAL;130002548753;20522;WESLEY DO RESGATE;PODE
MG;7;DEPUTADO ESTADUAL;130002544395;70077;EDIMEIA DA LANCHONETE;AVANTE
MG;7;DEPUTADO ESTADUAL;130002544405;70606;ADEMAR CAMERINO;AVANTE
MG;7;DEPUTADO ESTADUAL;130002548708;20121;ELLEN SILVERIO;PODE
MG;7;DEPUTADO ESTADUAL;130002548759;20127;SARITA SALLES;PODE
MG;7;DEPUTADO ESTADUAL;130002548760;20700;BALBINO DA AMBULANCIA;PODE
MG;7;DEPUTADO ESTADUAL;130002548726;20444;ARIMATEIA O FURACAO DE MINAS;PODE
MG;7;DEPUTADO ESTADUAL;130002548721;20157;JOSE RENATO - O BENCAO;PODE
MG;7;DEPUTADO ESTADUAL;130002548725;20775;JULIANA NORMAND;PODE
MG;7;DEPUTADO ESTADUAL;130002544398;70420;BAIANO DAS ANTENAS;AVANTE
MG;7;DEPUTADO ESTADUAL;130002548716;20000;FLAVIA BORJA;PODE
MG;7;DEPUTADO ESTADUAL;130002544124;70025;JOANA D ARC DO SOCIAL;AVANTE
MG;7;DEPUTADO ESTADUAL;130002548712;20227;FERNANDO RIBEIRO;PODE
MG;7;DEPUTADO ESTADUAL;130002547940;20135;VANESSA DO MILA;PODE
MG;7;DEPUTADO ESTADUAL;130002540612;45777;FERNANDA CIOLFI;PSDB
MG;7;DEPUTADO ESTADUAL;130002539924;45126;BRENO CHULA;PSDB
MG;7;DEPUTADO ESTADUAL;130002539919;45555;DR. PAULO CELIO;PSDB
MG;7;DEPUTADO ESTADUAL;130002540599;45001;DAMIAO;PSDB
MG;7;DEPUTADO ESTADUAL;130002539916;45535;FATIMA APARECIDA DE ARAUJO;PSDB
MG;7;DEPUTADO ESTADUAL;130002539918;45007;EVANDRO ALVES;PSDB
MG;7;DEPUTADO ESTADUAL;130002540613;45222;TIA ZENI;PSDB
MG;7;DEPUTADO ESTADUAL;130002552411;33366;NETO TANNUS;MOBILIZA
MG;7;DEPUTADO ESTADUAL;130002552429;33100;JULIO ANDRE;MOBILIZA
MG;7;DEPUTADO ESTADUAL;130002553024;33017;PAULA PATRIOTA;MOBILIZA
MG;7;DEPUTADO ESTADUAL;130002552407;33125;PEDRO PAULO;MOBILIZA
MG;7;DEPUTADO ESTADUAL;130002552432;33180;JOSE CARLOS CAMINHONEIRO;MOBILIZA
MG;7;DEPUTADO ESTADUAL;130002552427;33190;MEIRELES LUTADOR;MOBILIZA
MG;7;DEPUTADO ESTADUAL;130002552437;33911;CARLOS LIMA;MOBILIZA
MG;7;DEPUTADO ESTADUAL;130002552438;33044;JOAO DA CRUZ;MOBILIZA
MG;4;VICE-GOVERNADOR;130002547875;80;RENATO CAMPOS;UP
MG;4;VICE-GOVERNADOR;130002549558;15;MARIA HELENA;MDB
MG;4;VICE-GOVERNADOR;130002546803;16;PROF. DIANA DE CASSIA;PSTU
MG;5;SENADOR;130002552299;150;MANOEL CARVALHO;MDB
MG;10;2º SUPLENTE;130002545591;555;ILCE ROCHA;PSD
MG;10;2º SUPLENTE;130002554334;456;MARCELO HERINGER;PDT
MG;10;2º SUPLENTE;130002554243;123;BRUNA D ANGELA;PDT
MG;10;2º SUPLENTE;130002553855;123;ROBSON DUTRA;PDT
MG;3;GOVERNADOR;130002539775;12;ALEXANDRE KALIL;PDT
MG;3;GOVERNADOR;130002552308;29;HENRIQUE AREAS;PCO
MG;9;1º SUPLENTE;130002547886;800;KAREN GRACIELLA;UP
MG;9;1º SUPLENTE;130002551926;161;ANDREA CARLA;PSTU
MG;10;2º SUPLENTE;130002553352;456;ANTONIO DIVINO;PSDB
MG;9;1º SUPLENTE;130002553353;456;ZELINHO;PSDB
MG;6;DEPUTADO FEDERAL;130002543704;4036;RAQUELINE BALBINA;PSB
MG;6;DEPUTADO FEDERAL;130002543705;4022;MILTAO OFICIAL;PSB
MG;6;DEPUTADO FEDERAL;130002543716;4079;DRA. KELLY FERREIRA;PSB
MG;6;DEPUTADO FEDERAL;130002543708;4055;NEIDER MOREIRA;PSB
MG;6;DEPUTADO FEDERAL;130002547921;1566;ROGERIO SUINO;MDB
MG;6;DEPUTADO FEDERAL;130002547923;1502;ZACARIAS PIVA;MDB
MG;6;DEPUTADO FEDERAL;130002547909;1511;GILBERTO REZENDE;MDB
MG;6;DEPUTADO FEDERAL;130002547892;1530;EDUARDO FRANCISCO;MDB
MG;6;DEPUTADO FEDERAL;130002553606;1532;EDGARD RODRIGUES;MDB
MG;6;DEPUTADO FEDERAL;130002547933;1580;GABRIELA ANANDA;MDB
MG;6;DEPUTADO FEDERAL;130002547906;1507;DARCI TAVARES;MDB
MG;6;DEPUTADO FEDERAL;130002547893;1555;LOIDE GONCALVES;MDB
MG;6;DEPUTADO FEDERAL;130002547908;1515;PAULO BRANT;MDB
MG;6;DEPUTADO FEDERAL;130002547907;1551;DORILEIA DA SAUDE;MDB
MG;6;DEPUTADO FEDERAL;130002547919;1541;SHILMA NUNES;MDB
MG;6;DEPUTADO FEDERAL;130002547922;1512;MILTON CRUZ JR;MDB
MG;6;DEPUTADO FEDERAL;130002547918;1527;JOAO FEDERAL;MDB
MG;6;DEPUTADO FEDERAL;130002553610;1545;ANANIAS CAMELO;MDB
MG;6;DEPUTADO FEDERAL;130002547890;1500;ALINE RISI;MDB
MG;6;DEPUTADO FEDERAL;130002534483;3070;AILTON DO SUMARE;NOVO
MG;6;DEPUTADO FEDERAL;130002534497;3055;MATHEUS BIANCARDINE;NOVO
MG;6;DEPUTADO FEDERAL;130002534471;3025;JACQUE SILVA;NOVO
MG;6;DEPUTADO FEDERAL;130002534502;3063;LOURDINHA CORRETORA;NOVO
MG;6;DEPUTADO FEDERAL;130002534433;3052;CRISTINA MUNDIM;NOVO
MG;6;DEPUTADO FEDERAL;130002553045;3360;RONALDO FERRO NOVO;MOBILIZA
MG;6;DEPUTADO FEDERAL;130002553044;3394;PASTORA RUTE;MOBILIZA
MG;6;DEPUTADO FEDERAL;130002534487;3077;PASTOR FLAVIO;NOVO
MG;6;DEPUTADO FEDERAL;130002553038;3330;DR. JOMAR GAVIAO;MOBILIZA
MG;6;DEPUTADO FEDERAL;130002545577;5510;WELITON PRADO;PSD
MG;6;DEPUTADO FEDERAL;130002545579;5575;SEMIA ABBOUD;PSD
MG;6;DEPUTADO FEDERAL;130002545560;5545;DIOGO HENRIQUE;PSD
MG;6;DEPUTADO FEDERAL;130002545574;5522;DR. THEO;PSD
MG;6;DEPUTADO FEDERAL;130002545589;5521;JOANA NEVES;PSD
MG;6;DEPUTADO FEDERAL;130002545564;5566;PROFESSOR ALEXANDRE SANTOS;PSD
MG;6;DEPUTADO FEDERAL;130002545583;5550;NETE DO SALAO VERSATIL;PSD
MG;6;DEPUTADO FEDERAL;130002545587;5518;PASTOR JULIO CESAR;PSD
MG;6;DEPUTADO FEDERAL;130002545568;5501;NATALIA DA CAUSA ANIMAL;PSD
MG;6;DEPUTADO FEDERAL;130002543110;7001;DJ MARCELO MATTOS;AVANTE
MG;6;DEPUTADO FEDERAL;130002543625;7015;EBIM SO VITORIA;AVANTE
MG;6;DEPUTADO FEDERAL;130002543630;7081;DR. RAFAEL TERRA;AVANTE
MG;6;DEPUTADO FEDERAL;130002543604;7020;CLEBER CORREA DA TV;AVANTE
MG;6;DEPUTADO FEDERAL;130002543109;7050;JUNINHO LOS HERMANOS;AVANTE
MG;6;DEPUTADO FEDERAL;130002543596;7099;PROFESSOR EMERSON;AVANTE
MG;6;DEPUTADO FEDERAL;130002544821;7090;MUCIDA;AVANTE
MG;6;DEPUTADO FEDERAL;130002533233;2550;MARCELIA CARVALHO;PRD
MG;6;DEPUTADO FEDERAL;130002533263;7720;TATA BRACHO;SOLIDARIEDADE
MG;6;DEPUTADO FEDERAL;130002533231;2520;MARISTELA DUTRA;PRD
MG;6;DEPUTADO FEDERAL;130002533248;7712;ADRIANA DESPACHANTE;SOLIDARIEDADE
MG;6;DEPUTADO FEDERAL;130002533232;7733;ROSANA VIOL;SOLIDARIEDADE
MG;6;DEPUTADO FEDERAL;130002533254;2552;LEO MULATA;PRD
MG;6;DEPUTADO FEDERAL;130002533238;7711;RUDSON PAIXAO;SOLIDARIEDADE
MG;6;DEPUTADO FEDERAL;130002533241;2551;ADENY BOTELHO;PRD
MG;6;DEPUTADO FEDERAL;130002550165;7744;ZE MARIA DO 4 ESTACOES;SOLIDARIEDADE
MG;6;DEPUTADO FEDERAL;130002538283;1262;XICA DA SILVA;PDT
MG;6;DEPUTADO FEDERAL;130002538255;1236;PERITO LECOQ;PDT
MG;6;DEPUTADO FEDERAL;130002538292;1211;RICARDO MARUM;PDT
MG;6;DEPUTADO FEDERAL;130002538261;1200;ALEX AMARAL;PDT
MG;6;DEPUTADO FEDERAL;130002541997;2226;CARLA ANDRADE;PL
MG;6;DEPUTADO FEDERAL;130002542029;2214;MARLISE BARROSO;PL
MG;6;DEPUTADO FEDERAL;130002542009;2282;ANIELE FONSECA;PL
MG;6;DEPUTADO FEDERAL;130002542023;2201;SIMONIA MAGALHAES;PL
MG;6;DEPUTADO FEDERAL;130002542028;2217;NEIDE MODAS;PL
MG;6;DEPUTADO FEDERAL;130002539847;4520;CAIO HEITOR;PSDB
MG;6;DEPUTADO FEDERAL;130002542037;2235;SERGIO AZEVEDO;PL
MG;6;DEPUTADO FEDERAL;130002541996;2210;MAURICIO DO VOLEI;PL
MG;6;DEPUTADO FEDERAL;130002542013;2231;CLEUSA LARA;PL
MG;6;DEPUTADO FEDERAL;130002539838;4544;COSME DA SAUDE;PSDB
MG;6;DEPUTADO FEDERAL;130002539874;4505;GILVAN MASFERRER;PSDB
MG;6;DEPUTADO FEDERAL;130002539844;4580;DR. SERGIO BENTO;PSDB
MG;6;DEPUTADO FEDERAL;130002542026;2222;NIKOLAS FERREIRA;PL
MG;6;DEPUTADO FEDERAL;130002539865;2312;EDUARDO SANTOS LOCUTOR;CIDADANIA
MG;6;DEPUTADO FEDERAL;130002548792;2014;JACKSON LIDERANCA;PODE
MG;6;DEPUTADO FEDERAL;130002548812;2091;LUCAS GUIMARAES;PODE
MG;6;DEPUTADO FEDERAL;130002548796;2030;FRANCO CARTAFINA;PODE
MG;6;DEPUTADO FEDERAL;130002548803;2061;TADEU SENA;PODE
MG;6;DEPUTADO FEDERAL;130002548809;2035;YERKIS JOGADOR;PODE
MG;6;DEPUTADO FEDERAL;130002548816;2008;RENATA COUTO  A VOZ DA SAUDE ;PODE
MG;6;DEPUTADO FEDERAL;130002535317;1312;REGINALDO LOPES;PT
MG;6;DEPUTADO FEDERAL;130002535287;4377;FABIANO MORETI;PV
MG;6;DEPUTADO FEDERAL;130002535278;4388;LIDIANE BRASIL;PV
MG;6;DEPUTADO FEDERAL;130002535305;4343;HELEN SOARES;PV
MG;6;DEPUTADO FEDERAL;130002535296;4300;DR. ANTONIO;PV
MG;6;DEPUTADO FEDERAL;130002535307;1362;IRNAC VALADARES;PT
MG;6;DEPUTADO FEDERAL;130002539725;1850;DEGUIMAR DO BETHANIA;REDE
MG;6;DEPUTADO FEDERAL;130002538962;1808;CLEBER DA CAIXA;REDE
MG;6;DEPUTADO FEDERAL;130002539716;1851;ADAUTO CARTEIRO;REDE
MG;6;DEPUTADO FEDERAL;130002551259;2712;MARIA DAS GRACAS;DC
MG;6;DEPUTADO FEDERAL;130002544435;1413;SGT FERNANDO;MISSÃO
MG;6;DEPUTADO FEDERAL;130002544440;1477;ROGERIO HENRIQUE;MISSÃO
MG;6;DEPUTADO FEDERAL;130002542721;4470;RICARDO OLIVEIRA;UNIÃO
MG;6;DEPUTADO FEDERAL;130002542738;4445;RAFAEL SIMOES;UNIÃO
MG;6;DEPUTADO FEDERAL;130002542736;4490;SILVA BRASIL;UNIÃO
MG;6;DEPUTADO FEDERAL;130002542713;4480;ANDREA MACHADO;UNIÃO
MG;6;DEPUTADO FEDERAL;130002542716;4455;IGOR TIMO;UNIÃO
MG;6;DEPUTADO FEDERAL;130002542725;1144;PROFESSORA LEILA;PP
MG;6;DEPUTADO FEDERAL;130002542711;1131;VINICIUS DE RESENDE;PP
MG;6;DEPUTADO FEDERAL;130002542739;4405;CONCEICAO ARRUDA;UNIÃO
MG;6;DEPUTADO FEDERAL;130002542731;1188;CLARIANE SILVEIRA;PP
MG;6;DEPUTADO FEDERAL;130002537186;1055;NATALIA;REPUBLICANOS
MG;6;DEPUTADO FEDERAL;130002537188;1069;INSPETOR MAURO CHAVES;REPUBLICANOS
MG;6;DEPUTADO FEDERAL;130002552317;1085;IARA ROSA DARC;REPUBLICANOS
MG;6;DEPUTADO FEDERAL;130002537209;1009;DALMO PEREIRA;REPUBLICANOS
MG;7;DEPUTADO ESTADUAL;130002535378;43333;MARIO HENRIQUE CAIXA;PV
MG;7;DEPUTADO ESTADUAL;130002535380;13913;DR. ESDRAS;PT
MG;7;DEPUTADO ESTADUAL;130002535325;13139;MARQUINHO LEMOS;PT
MG;7;DEPUTADO ESTADUAL;130002535358;43000;SINARA CAMPOS;PV
MG;7;DEPUTADO ESTADUAL;130002535344;65065;EDMAR BRANCO;PCDOB
MG;7;DEPUTADO ESTADUAL;130002535377;13121;PROF. PAULO VELOSO;PT
MG;7;DEPUTADO ESTADUAL;130002535376;13789;RICARDO CAMPOS;PT
MG;7;DEPUTADO ESTADUAL;130002535386;13023;DR. IGINO;PT
MG;7;DEPUTADO ESTADUAL;130002533522;35123;JOAO JUNIOR;DEMOCRATA
MG;7;DEPUTADO ESTADUAL;130002533506;35595;JESSICA MAXIMO;DEMOCRATA
MG;7;DEPUTADO ESTADUAL;130002533524;35122;TEN TEOTONIO;DEMOCRATA
MG;7;DEPUTADO ESTADUAL;130002533511;35107;CARLOS WILLIAN;DEMOCRATA
MG;7;DEPUTADO ESTADUAL;130002533493;35555;IVAN BORGATTI;DEMOCRATA
MG;7;DEPUTADO ESTADUAL;130002539898;10662;RICARDO PE NO CHAO;REPUBLICANOS
MG;7;DEPUTADO ESTADUAL;130002541305;21180;JESSICA CARVALHO;PCB
MG;7;DEPUTADO ESTADUAL;130002539884;10800;MAURO TRAMONTE;REPUBLICANOS
MG;7;DEPUTADO ESTADUAL;130002539893;10033;CORONEL PIASSI;REPUBLICANOS
MG;7;DEPUTADO ESTADUAL;130002539491;50036;PROFESSORA LUCIANA MATIAS;PSOL
MG;7;DEPUTADO ESTADUAL;130002539503;18123;GILSAO DA BALSA;REDE
MG;7;DEPUTADO ESTADUAL;130002539499;50111;JUHLIA SANTOS;PSOL
MG;7;DEPUTADO ESTADUAL;130002539520;18888;MARCELINA LIBERATO;REDE
MG;7;DEPUTADO ESTADUAL;130002542104;22225;AVERALDO  PICA-PAU;PL
MG;7;DEPUTADO ESTADUAL;130002542050;22622;ENFERMEIRO GUSTAVO ARANTES;PL
MG;7;DEPUTADO ESTADUAL;130002542061;22202;JUNIO OLIVEIRA;PL
MG;7;DEPUTADO ESTADUAL;130002542080;22000;AMANDA TEIXEIRA DIAS;PL
MG;7;DEPUTADO ESTADUAL;130002542095;22012;PELIZER;PL
MG;7;DEPUTADO ESTADUAL;130002542079;22221;ANDERSON LIMA;PL
MG;7;DEPUTADO ESTADUAL;130002542072;22500;CORONEL HENRIQUE;PL
MG;7;DEPUTADO ESTADUAL;130002542083;22922;DR. VIDIGAL;PL
MG;7;DEPUTADO ESTADUAL;130002542109;22122;SARGENTO RODRIGUES;PL
MG;7;DEPUTADO ESTADUAL;130002540050;12212;CHIQUINHO TOMAZ;PDT
MG;7;DEPUTADO ESTADUAL;130002540037;12010;WALISON COSTA;PDT
MG;7;DEPUTADO ESTADUAL;130002540026;12200;KENIA FERNANDES;PDT
MG;7;DEPUTADO ESTADUAL;130002540061;12340;PEDRO WILSON;PDT
MG;7;DEPUTADO ESTADUAL;130002540044;12170;EDIMAR FERREIRA;PDT
MG;7;DEPUTADO ESTADUAL;130002540047;12015;DOUGLAS DE PAULA;PDT
MG;7;DEPUTADO ESTADUAL;130002540042;12012;ROSI CAMPOLINA;PDT
MG;7;DEPUTADO ESTADUAL;130002540029;12013;VALERAO DA MASSA;PDT
MG;7;DEPUTADO ESTADUAL;130002540017;12122;JOYCE MENDES;PDT
MG;7;DEPUTADO ESTADUAL;130002549940;55000;GUSTAVO VALADARES;PSD
MG;7;DEPUTADO ESTADUAL;130002549963;55115;NEUZA DO OURO MINAS;PSD
MG;7;DEPUTADO ESTADUAL;130002549962;55035;IGOR TAVARES;PSD
MG;7;DEPUTADO ESTADUAL;130002549950;55333;DONA MARA;PSD
MG;7;DEPUTADO ESTADUAL;130002549959;55133;JOAO MAGALHAES;PSD
MG;7;DEPUTADO ESTADUAL;130002549945;55369;VERINHA PRETA;PSD
MG;7;DEPUTADO ESTADUAL;130002542786;11345;JANAINA AGAPE;PP
MG;7;DEPUTADO ESTADUAL;130002542800;11112;CATIA COSTA;PP
MG;7;DEPUTADO ESTADUAL;130002542793;44400;PATRICIA MOTA;UNIÃO
MG;7;DEPUTADO ESTADUAL;130002542811;44044;DR. PAULO;UNIÃO
MG;7;DEPUTADO ESTADUAL;130002542764;11025;VITORIO;PP
MG;7;DEPUTADO ESTADUAL;130002542792;44099;JESSICA MARA;UNIÃO
MG;7;DEPUTADO ESTADUAL;130002542810;11230;OSCAR TEIXEIRA;PP
MG;7;DEPUTADO ESTADUAL;130002542771;44600;DR. ALEX COSTA;UNIÃO
MG;7;DEPUTADO ESTADUAL;130002542813;11100;LUIZA DO HOSPITAL;PP
MG;7;DEPUTADO ESTADUAL;130002542806;11099;DR. OSAIR PE DE FERRO;PP
MG;7;DEPUTADO ESTADUAL;130002542791;11888;NANDAO DO RIACHO;PP
MG;7;DEPUTADO ESTADUAL;130002553630;15300;MAIRA CARLOS;MDB
MG;7;DEPUTADO ESTADUAL;130002553628;15891;PASTORA LUCINEIA;MDB
MG;7;DEPUTADO ESTADUAL;130002552318;44222;TIMOTEO FELIZARDO;UNIÃO
MG;7;DEPUTADO ESTADUAL;130002542809;44800;MIGUEL DA UBER;UNIÃO
MG;7;DEPUTADO ESTADUAL;130002542755;11023;FABIANA BYSTEP;PP
MG;7;DEPUTADO ESTADUAL;130002542758;44777;PROFESSOR WENDEL MESQUITA;UNIÃO
MG;7;DEPUTADO ESTADUAL;130002550160;15608;LUANA LOPES;MDB
MG;7;DEPUTADO ESTADUAL;130002550124;15455;CIDA DA FEIRA;MDB
MG;7;DEPUTADO ESTADUAL;130002550117;15142;MARIA CONSTANCA;MDB
MG;7;DEPUTADO ESTADUAL;130002550143;15222;CAROL DA VILA;MDB
MG;7;DEPUTADO ESTADUAL;130002550150;15150;SONINHA VIEIRA;MDB
MG;7;DEPUTADO ESTADUAL;130002532922;25900;LUCAS VALADAO;PRD
MG;7;DEPUTADO ESTADUAL;130002532951;25222;ROBERTO ANDRADE;PRD
MG;7;DEPUTADO ESTADUAL;130002533228;77100;DEYVISON DA ACOLHER SAUDE;SOLIDARIEDADE
MG;7;DEPUTADO ESTADUAL;130002532936;25235;DANIEL DO BEM;PRD
MG;7;DEPUTADO ESTADUAL;130002551754;36622;CARLOS MONTEIRO;AGIR
MG;7;DEPUTADO ESTADUAL;130002551753;36190;DR. ANTONIO CELIO JOPETIPE;AGIR
MG;7;DEPUTADO ESTADUAL;130002551495;36756;FABIO ZOI;AGIR
MG;7;DEPUTADO ESTADUAL;130002551743;36690;RAIMUNDINHO DA FARMACIA;AGIR
MG;7;DEPUTADO ESTADUAL;130002551749;36678;MIRIAN DA SAUDE;AGIR
MG;7;DEPUTADO ESTADUAL;130002551762;36111;WALTER MOURISSO;AGIR
MG;7;DEPUTADO ESTADUAL;130002543678;40700;RENATO LOFFI;PSB
MG;7;DEPUTADO ESTADUAL;130002543666;40224;CRISTIANO TCHU TCHU;PSB
MG;7;DEPUTADO ESTADUAL;130002543648;40555;CRISTINA GURGEL;PSB
MG;7;DEPUTADO ESTADUAL;130002543671;40711;LUCIA HELENA;PSB
MG;7;DEPUTADO ESTADUAL;130002554224;40031;GISLENE DIAS;PSB
MG;7;DEPUTADO ESTADUAL;130002543653;40258;PAULO MOTA;PSB
MG;7;DEPUTADO ESTADUAL;130002534511;30199;YVESDOMG;NOVO
MG;7;DEPUTADO ESTADUAL;130002534532;30100;RIVALDA PEREIRA;NOVO
MG;7;DEPUTADO ESTADUAL;130002534559;30789;ANGELO PIO;NOVO
MG;7;DEPUTADO ESTADUAL;130002534563;30099;WAGNER SUHADOLNIK;NOVO
MG;7;DEPUTADO ESTADUAL;130002534509;30078;CESAR GOMIDE;NOVO
MG;7;DEPUTADO ESTADUAL;130002534504;30019;PASTOR ROSIVALDO;NOVO
MG;7;DEPUTADO ESTADUAL;130002534514;30010;CARLOS ALVES NICK;NOVO
MG;7;DEPUTADO ESTADUAL;130002534539;30900;MESTRE TRANQUILO;NOVO
MG;7;DEPUTADO ESTADUAL;130002534558;30330;DR. CLAUDIO LOPES;NOVO
MG;7;DEPUTADO ESTADUAL;130002534561;30121;MAYCON ARIEL;NOVO
MG;7;DEPUTADO ESTADUAL;130002534573;30146;AMADEUS JUSTEN;NOVO
MG;7;DEPUTADO ESTADUAL;130002534568;30111;DIRLENE FERREIRA;NOVO
MG;7;DEPUTADO ESTADUAL;130002534529;30190;BRUNO ARAUJO;NOVO
MG;7;DEPUTADO ESTADUAL;130002548745;20456;ZE REIS;PODE
MG;7;DEPUTADO ESTADUAL;130002548769;20120;RODRIGO CADEIRANTE;PODE
MG;7;DEPUTADO ESTADUAL;130002548761;20455;RUBIA ENFERMEIRA;PODE
MG;7;DEPUTADO ESTADUAL;130002548728;20800;LU ENFERMEIRA/VETERINARIA;PODE
MG;7;DEPUTADO ESTADUAL;130002544408;70670;GLAYSON MATIAS BARBOSA;AVANTE
MG;7;DEPUTADO ESTADUAL;130002544388;70099;WANDERSON DA WAVE;AVANTE
MG;7;DEPUTADO ESTADUAL;130002548734;20202;WAKTER;PODE
MG;7;DEPUTADO ESTADUAL;130002548735;20255;DRICA DO HOSPITAL;PODE
MG;7;DEPUTADO ESTADUAL;130002548715;20322;CEGAO;PODE
MG;7;DEPUTADO ESTADUAL;130002548755;20710;GEOVANE ESTANISLAU;PODE
MG;7;DEPUTADO ESTADUAL;130002544125;70444;JANAINA BARCELOS;AVANTE
MG;7;DEPUTADO ESTADUAL;130002548731;20020;MARCINHO HAKUNA;PODE
MG;7;DEPUTADO ESTADUAL;130002548718;20017;PAULO VITOR FERREIRA;PODE
MG;7;DEPUTADO ESTADUAL;130002548732;20669;VOVO TSUNAME;PODE
MG;7;DEPUTADO ESTADUAL;130002548723;20333;ALINE BRITO;PODE
MG;7;DEPUTADO ESTADUAL;130002548706;20201;MARCELO CACIANO;PODE
MG;7;DEPUTADO ESTADUAL;130002544128;70111;DELEGADO  IVAN LOPES;AVANTE
MG;7;DEPUTADO ESTADUAL;130002544132;70300;LUCIANA DA FARMACIA;AVANTE
MG;7;DEPUTADO ESTADUAL;130002548762;20021;HELEN S SMITH;PODE
MG;7;DEPUTADO ESTADUAL;130002548724;20200;DRA. JOYCE SANTOS;PODE
MG;7;DEPUTADO ESTADUAL;130002547934;20233;RICARDO CARVALHO;PODE
MG;7;DEPUTADO ESTADUAL;130002540602;45000;IVANETE MARTINS;PSDB
MG;7;DEPUTADO ESTADUAL;130002540597;45678;ORLANDO CALDEIRA;PSDB
MG;7;DEPUTADO ESTADUAL;130002539928;45234;RAFA DO SALAO;PSDB
MG;7;DEPUTADO ESTADUAL;130002540605;45244;JENNIFER ANDRESSA;PSDB
MG;7;DEPUTADO ESTADUAL;130002539932;45200;TONY CARLOS;PSDB
MG;7;DEPUTADO ESTADUAL;130002539929;45444;CAMILA MAO AMIGA;PSDB
MG;7;DEPUTADO ESTADUAL;130002552417;33678;DEMETRIO AYALA;MOBILIZA
MG;7;DEPUTADO ESTADUAL;130002552458;33202;NEUSA DIAS;MOBILIZA
MG;7;DEPUTADO ESTADUAL;130002552453;33222;LUCAS TREILHER;MOBILIZA
MG;7;DEPUTADO ESTADUAL;130002552414;33454;DAVID CORRETOR;MOBILIZA
MG;7;DEPUTADO ESTADUAL;130002552428;33002;KELE RICARTTI;MOBILIZA
MG;7;DEPUTADO ESTADUAL;130002552420;33400;FLAVIO XINGU;MOBILIZA
MG;7;DEPUTADO ESTADUAL;130002552405;33000;MAURO TORRES;MOBILIZA
MG;7;DEPUTADO ESTADUAL;130002552450;33192;WESLEI DOS ANJOS;MOBILIZA
MG;7;DEPUTADO ESTADUAL;130002552445;33020;KARLA CORACAO GIGANTE;MOBILIZA
MG;7;DEPUTADO ESTADUAL;130002552439;33555;ZECA DA VILA BARBOSA;MOBILIZA
MG;4;VICE-GOVERNADOR;130002544121;21;WARLEN NUNES;PCB
MG;5;SENADOR;130002547884;808;ANA LUIZA DO MLB;UP
MG;5;SENADOR;130002554332;456;AECIO NEVES;PSDB
MG;5;SENADOR;130002553856;123;MARCELO HERINGER;PDT
MG;5;SENADOR;130002551786;222;DOMINGOS SAVIO;PL
MG;5;SENADOR;130002551929;160;JORDANO METALURGICO;PSTU
MG;10;2º SUPLENTE;130002552313;290;FERNANDO LIRIO;PCO
MG;10;2º SUPLENTE;130002550558;131;LAERCIO CINTRA;PSB
MG;9;1º SUPLENTE;130002545592;555;MISAEL VARELLA;PSD
MG;9;1º SUPLENTE;130002551787;222;BRAULIO BRAZ;PL
MG;9;1º SUPLENTE;130002550556;131;LUCIANA COSTA;PSB
MG;6;DEPUTADO FEDERAL;130002543690;4023;DANIELA REGINA;PSB
MG;6;DEPUTADO FEDERAL;130002543684;4053;GILDETE ALVES A LOIRA DA RACAO;PSB
MG;6;DEPUTADO FEDERAL;130002543719;4044;DUILIO DE CASTRO;PSB
MG;6;DEPUTADO FEDERAL;130002547888;1521;DANI PROTETORA;MDB
MG;6;DEPUTADO FEDERAL;130002547915;1567;LEOMAR IBIRITEXAS;MDB
MG;6;DEPUTADO FEDERAL;130002547903;1524;ELIANE EUDES LINFEDEMA;MDB
MG;6;DEPUTADO FEDERAL;130002534475;3090;ALAN BERNARDES;NOVO
MG;6;DEPUTADO FEDERAL;130002534455;3011;BELISA OLIVEIRA;NOVO
MG;6;DEPUTADO FEDERAL;130002534429;3000;BARBARA BOTEGA;NOVO
MG;6;DEPUTADO FEDERAL;130002534469;3046;BATISTA ECRASANTE;NOVO
MG;6;DEPUTADO FEDERAL;130002553028;3391;JACK LUCY;MOBILIZA
MG;6;DEPUTADO FEDERAL;130002534488;3017;TOMAZ DE AQUINO GROTADASA2A2;NOVO
MG;6;DEPUTADO FEDERAL;130002534431;3019;MISSIONARIA MARIA;NOVO
MG;6;DEPUTADO FEDERAL;130002553037;3314;VANDERLEI DO SALAO;MOBILIZA
MG;6;DEPUTADO FEDERAL;130002534466;3080;WALTINHO FOGUETE;NOVO
MG;6;DEPUTADO FEDERAL;130002553632;5532;JAQUELINE SENA;PSD
MG;6;DEPUTADO FEDERAL;130002545558;5512;CHICAO JESUS TE AMA;PSD
MG;6;DEPUTADO FEDERAL;130002545557;5516;FLAVIA ABREU;PSD
MG;6;DEPUTADO FEDERAL;130002543619;7098;ALESSANDRO DIAS;AVANTE
MG;6;DEPUTADO FEDERAL;130002543111;7031;FABIANO DOIDO;AVANTE
MG;6;DEPUTADO FEDERAL;130002543607;7025;GUILHERME BUENO;AVANTE
MG;6;DEPUTADO FEDERAL;130002543614;7002;GABRIEL VAZ;AVANTE
MG;6;DEPUTADO FEDERAL;130002554146;7067;JULIO ESPETACULO;AVANTE
MG;6;DEPUTADO FEDERAL;130002547878;8008;RAFAEL FUMERO;UP
MG;6;DEPUTADO FEDERAL;130002533236;2510;ENFERMEIRA ERIKA;PRD
MG;6;DEPUTADO FEDERAL;130002533237;2580;BEATRIZ FARIAS - BIA;PRD
MG;6;DEPUTADO FEDERAL;130002538256;1220;KIKA DA SERRA;PDT
MG;6;DEPUTADO FEDERAL;130002538273;1237;JOSENI AGANETTI;PDT
MG;6;DEPUTADO FEDERAL;130002538264;1208;RODRIGO REIS;PDT
MG;6;DEPUTADO FEDERAL;130002538287;1234;MARIO HERINGER;PDT
MG;6;DEPUTADO FEDERAL;130002538297;1231;JAQUELINE BRASIL;PDT
MG;6;DEPUTADO FEDERAL;130002538304;1212;CAIO VALACE;PDT
MG;6;DEPUTADO FEDERAL;130002538289;1239;CESAR DE SONE;PDT
MG;6;DEPUTADO FEDERAL;130002538301;1232;PROFESSOR MARCIO LADEIRA;PDT
MG;6;DEPUTADO FEDERAL;130002552304;2999;AGNALDO SAN MARINO;PCO
MG;6;DEPUTADO FEDERAL;130002542005;2234;IRLAN MELO;PL
MG;6;DEPUTADO FEDERAL;130002539860;4566;SEBASTIAO PINHEIRO;PSDB
MG;6;DEPUTADO FEDERAL;130002539862;4577;JOAO LEITE;PSDB
MG;6;DEPUTADO FEDERAL;130002539878;4522;DR JULIO MUNDIM;PSDB
MG;6;DEPUTADO FEDERAL;130002542024;2256;REGINALDO FERREIRA;PL
MG;6;DEPUTADO FEDERAL;130002542012;2230;GLAUCIA SANTIAGO;PL
MG;6;DEPUTADO FEDERAL;130002542010;2223;FARLEY FREDERICO;PL
MG;6;DEPUTADO FEDERAL;130002547840;2290;CHARLLES EVANGELISTA;PL
MG;6;DEPUTADO FEDERAL;130002542044;2260;DR. MARCOS VINICIUS;PL
MG;6;DEPUTADO FEDERAL;130002539839;4588;ELY MACHADO;PSDB
MG;6;DEPUTADO FEDERAL;130002547451;1666;FLAVIA SILVESTRE;PSTU
MG;6;DEPUTADO FEDERAL;130002547453;1616;VALDIR BI;PSTU
MG;6;DEPUTADO FEDERAL;130002548821;2045;CAPITAO MENDES;PODE
MG;6;DEPUTADO FEDERAL;130002548802;2077;WESLEY MOREIRA;PODE
MG;6;DEPUTADO FEDERAL;130002548808;2088;DARLING CARDOSO;PODE
MG;6;DEPUTADO FEDERAL;130002548804;2002;DELEGADO RAFAEL FARIA;PODE
MG;6;DEPUTADO FEDERAL;130002548783;2046;TALES GARI;PODE
MG;6;DEPUTADO FEDERAL;130002548820;2029;GERALDO DO GERA;PODE
MG;6;DEPUTADO FEDERAL;130002548794;2025;ROMILDA;PODE
MG;6;DEPUTADO FEDERAL;130002548787;2003;DECINHO DO BARREIRO;PODE
MG;6;DEPUTADO FEDERAL;130002535285;1300;PEDRO ROUSSEFF;PT
MG;6;DEPUTADO FEDERAL;130002535288;1330;TITIA CHIBA;PT
MG;6;DEPUTADO FEDERAL;130002535315;1390;BELLA GONCALVES;PT
MG;6;DEPUTADO FEDERAL;130002535282;1307;GLEIDE ANDRADE;PT
MG;6;DEPUTADO FEDERAL;130002535316;4310;CLAYSON FELIZOLA;PV
MG;6;DEPUTADO FEDERAL;130002535310;1399;RAMSES DE CASTRO;PT
MG;6;DEPUTADO FEDERAL;130002535301;1331;ANA ELISA;PT
MG;6;DEPUTADO FEDERAL;130002539730;5055;ANTONIO CARLOS;PSOL
MG;6;DEPUTADO FEDERAL;130002539736;1888;RAINA FREITAS;REDE
MG;6;DEPUTADO FEDERAL;130002539732;5099;FERNANNDO AUGUSTO;PSOL
MG;6;DEPUTADO FEDERAL;130002539735;5018;CHIQUINHO SERTANEJO;PSOL
MG;6;DEPUTADO FEDERAL;130002538972;1875;RICARDO ADRIAN SAVASSY;REDE
MG;6;DEPUTADO FEDERAL;130002539726;5005;LUCAS MORTIMER;PSOL
MG;6;DEPUTADO FEDERAL;130002551263;2777;EMILIO PAULO;DC
MG;6;DEPUTADO FEDERAL;130002551254;2713;LUCIANO NASCIMENTO;DC
MG;6;DEPUTADO FEDERAL;130002544425;1418;LUCAS BRANDAO PELUCIO;MISSÃO
MG;6;DEPUTADO FEDERAL;130002544436;1466;DR. PAULO MEDINA;MISSÃO
MG;6;DEPUTADO FEDERAL;130002544424;1401;FELIPE SANTOS;MISSÃO
MG;6;DEPUTADO FEDERAL;130002544423;1455;ROBERTA CINCOETTI;MISSÃO
MG;6;DEPUTADO FEDERAL;130002542745;4466;DAYVID DA ACADEMIA;UNIÃO
MG;6;DEPUTADO FEDERAL;130002542734;4430;GRACA CONSELHEIRA;UNIÃO
MG;6;DEPUTADO FEDERAL;130002542741;1178;NANDINHO;PP
MG;6;DEPUTADO FEDERAL;130002542701;1122;PINHEIRINHO;PP
MG;6;DEPUTADO FEDERAL;130002542709;4422;TOINZINHO DO SO JOAO;UNIÃO
MG;6;DEPUTADO FEDERAL;130002542700;1193;PEDRO AIHARA;PP
MG;6;DEPUTADO FEDERAL;130002542726;4456;SARGENTO JOSILAINE;UNIÃO
MG;6;DEPUTADO FEDERAL;130002537197;1029;JU ALMEIDA;REPUBLICANOS
MG;6;DEPUTADO FEDERAL;130002537205;1099;MARCIA DA ENFERMAGEM;REPUBLICANOS
MG;6;DEPUTADO FEDERAL;130002537226;1088;ALEX ROSSETI;REPUBLICANOS
MG;6;DEPUTADO FEDERAL;130002537223;1010;GILBERTO ABRAMO;REPUBLICANOS
MG;6;DEPUTADO FEDERAL;130002537185;1023;DANI LINHARES;REPUBLICANOS
MG;6;DEPUTADO FEDERAL;130002537189;1038;RAPHAEL MOTA;REPUBLICANOS
MG;6;DEPUTADO FEDERAL;130002537207;1022;NICOMEDES FELICIO;REPUBLICANOS
MG;7;DEPUTADO ESTADUAL;130002535328;13133;JU SANTANA;PT
MG;7;DEPUTADO ESTADUAL;130002535332;13111;LUCAS PEREIRA;PT
MG;7;DEPUTADO ESTADUAL;130002535331;13070;VITOR;PT
MG;7;DEPUTADO ESTADUAL;130002535342;13180;PATRICIA MELO;PT
MG;7;DEPUTADO ESTADUAL;130002535341;13132;JOAO PAULO GUSMAO;PT
MG;7;DEPUTADO ESTADUAL;130002535347;13123;BEATRIZ CERQUEIRA;PT
MG;7;DEPUTADO ESTADUAL;130002535372;65653;TIAGO SANTANA;PCDOB
MG;7;DEPUTADO ESTADUAL;130002535339;65777;CHINA;PCDOB
MG;7;DEPUTADO ESTADUAL;130002533520;35893;RODRIGO ALCINO;DEMOCRATA
MG;7;DEPUTADO ESTADUAL;130002533495;35074;THAIS OLIVEIRA;DEMOCRATA
MG;7;DEPUTADO ESTADUAL;130002533501;35258;SERGIO CASSEMIRO;DEMOCRATA
MG;7;DEPUTADO ESTADUAL;130002533499;35005;SABRINA RODRIGUES;DEMOCRATA
MG;7;DEPUTADO ESTADUAL;130002533509;35457;PATRICIA FERREIRA;DEMOCRATA
MG;7;DEPUTADO ESTADUAL;130002533517;35190;CABO GREGORIO SILVA;DEMOCRATA
MG;7;DEPUTADO ESTADUAL;130002533527;35321;PASTOR HELOYR;DEMOCRATA
MG;7;DEPUTADO ESTADUAL;130002533532;35000;FERNANDO PACHECO;DEMOCRATA
MG;7;DEPUTADO ESTADUAL;130002539909;10005;ROSANIA RIBEIRO LORA;REPUBLICANOS
MG;7;DEPUTADO ESTADUAL;130002539521;50000;MALLU ALMEIDA;PSOL
MG;7;DEPUTADO ESTADUAL;130002539524;50231;TI MIGUE DA BARBEARIA;PSOL
MG;7;DEPUTADO ESTADUAL;130002539496;18444;PEPE DA LIBERDADE;REDE
MG;7;DEPUTADO ESTADUAL;130002539515;18223;SENHOR REIS;REDE
MG;7;DEPUTADO ESTADUAL;130002539505;18188;ANDRE CABRAL;REDE
MG;7;DEPUTADO ESTADUAL;130002542096;22032;ROBERTA LOPES;PL
MG;7;DEPUTADO ESTADUAL;130002542101;22789;EBINHO BERNARDES;PL
MG;7;DEPUTADO ESTADUAL;130002542056;22357;CABO WAGNER ALVARENGA;PL
MG;7;DEPUTADO ESTADUAL;130002542082;22010;EDUARDO AZEVEDO;PL
MG;7;DEPUTADO ESTADUAL;130002542065;22031;KAREN CURI;PL
MG;7;DEPUTADO ESTADUAL;130002542085;22332;MILENA BERTOLIN;PL
MG;7;DEPUTADO ESTADUAL;130002542070;22311;SARGENTO IRACI LEMOS;PL
MG;7;DEPUTADO ESTADUAL;130002542099;22040;ZAQUEU RODRIGUES;PL
MG;7;DEPUTADO ESTADUAL;130002542074;22444;TIA KEYLA;PL
MG;7;DEPUTADO ESTADUAL;130002542068;22345;DENERVAL GERMANO;PL
MG;7;DEPUTADO ESTADUAL;130002540057;12332;MARCIO RODRIGUES;PDT
MG;7;DEPUTADO ESTADUAL;130002540046;12112;VALERIA MARQUES;PDT
MG;7;DEPUTADO ESTADUAL;130002540018;12003;EMILIA GUERRA;PDT
MG;7;DEPUTADO ESTADUAL;130002540064;12113;ZE COADOR SILVA;PDT
MG;7;DEPUTADO ESTADUAL;130002540058;12043;AILTON MURUBIXABA;PDT
MG;7;DEPUTADO ESTADUAL;130002540014;12011;DRA BRUNA VITEBRO;PDT
MG;7;DEPUTADO ESTADUAL;130002540045;12007;LUCIANA PORTES;PDT
MG;7;DEPUTADO ESTADUAL;130002549952;55100;ELISMAR PRADO;PSD
MG;7;DEPUTADO ESTADUAL;130002549938;55700;RAUL BELEM;PSD
MG;7;DEPUTADO ESTADUAL;130002542776;44381;KIKO SILVEIRA;UNIÃO
MG;7;DEPUTADO ESTADUAL;130002542766;11011;NAIARA MARTINS DA DISTRIBUIDOR;PP
MG;7;DEPUTADO ESTADUAL;130002542799;11610;ANA DO PADRE FREDERICO;PP
MG;7;DEPUTADO ESTADUAL;130002542801;11654;EDINHO SOUZA;PP
MG;7;DEPUTADO ESTADUAL;130002542773;44300;GISLENE DE CURVELO;UNIÃO
MG;7;DEPUTADO ESTADUAL;130002550162;15123;CLEITINHO;MDB
MG;7;DEPUTADO ESTADUAL;130002542774;11122;VALDIR CUNHA;PP
MG;7;DEPUTADO ESTADUAL;130002542812;11123;ADRIANO ALVARENGA;PP
MG;7;DEPUTADO ESTADUAL;130002550152;15551;JULIO PIMENTA;MDB
MG;7;DEPUTADO ESTADUAL;130002550164;15151;DR. JUAN;MDB
MG;7;DEPUTADO ESTADUAL;130002550138;15444;CARINE LOURECO;MDB
MG;7;DEPUTADO ESTADUAL;130002533230;77111;DIRCEU RIBEIRO;SOLIDARIEDADE
MG;7;DEPUTADO ESTADUAL;130002532953;77777;LUIZ CARLOS MIRANDA;SOLIDARIEDADE
MG;7;DEPUTADO ESTADUAL;130002532932;25025;ANDERSON COSTA;PRD
MG;7;DEPUTADO ESTADUAL;130002532946;25111;NATAL DA FERRARI;PRD
MG;7;DEPUTADO ESTADUAL;130002532939;25777;WARLEY PEREIRA;PRD
MG;7;DEPUTADO ESTADUAL;130002532924;77369;DR. VINICIUS;SOLIDARIEDADE
MG;7;DEPUTADO ESTADUAL;130002532925;25425;PAULINHO MOTORISTA;PRD
MG;7;DEPUTADO ESTADUAL;130002533218;25345;DR. WELINGTON;PRD
MG;7;DEPUTADO ESTADUAL;130002532950;25300;MARLY DA CAUSA ANIMAL;PRD
MG;7;DEPUTADO ESTADUAL;130002551781;36452;DEBORA A INOVAR;AGIR
MG;7;DEPUTADO ESTADUAL;130002551774;36900;DR. HAROLDO DARTAGNAN;AGIR
MG;7;DEPUTADO ESTADUAL;130002551756;36456;JOANA DALVA;AGIR
MG;7;DEPUTADO ESTADUAL;130002551755;36177;JONATAS FATAL O RETORNO;AGIR
MG;7;DEPUTADO ESTADUAL;130002551770;36999;MANOEL DO POVO;AGIR
MG;7;DEPUTADO ESTADUAL;130002543646;40300;TEOVALDO RENOVA FERNAO DIAS;PSB
MG;7;DEPUTADO ESTADUAL;130002543659;40456;CHICO VIEIRA;PSB
MG;7;DEPUTADO ESTADUAL;130002543644;40192;GISELE DA SAUDE;PSB
MG;7;DEPUTADO ESTADUAL;130002543641;40107;PATRICIA MARINS;PSB
MG;7;DEPUTADO ESTADUAL;130002543673;40337;AVILMAR GUSMAO;PSB
MG;7;DEPUTADO ESTADUAL;130002543679;40404;FLAVIA CASTRO MAE ATIPICA;PSB
MG;7;DEPUTADO ESTADUAL;130002543647;40900;LUCIANO CAUSA AUTISTA;PSB
MG;7;DEPUTADO ESTADUAL;130002534565;30700;JORDAN TAVARES;NOVO
MG;7;DEPUTADO ESTADUAL;130002534544;30044;CARLAO DA RADIO;NOVO
MG;7;DEPUTADO ESTADUAL;130002534536;30084;JOAOZINHO DA AMBULANCIA;NOVO
MG;7;DEPUTADO ESTADUAL;130002534516;30234;PAULO ATLETA;NOVO
MG;7;DEPUTADO ESTADUAL;130002534535;30122;FLAVIA FAULSTICH;NOVO
MG;7;DEPUTADO ESTADUAL;130002534556;30003;DORIS ANDRADE;NOVO
MG;7;DEPUTADO ESTADUAL;130002534540;30832;EDNARDO ALVES;NOVO
MG;7;DEPUTADO ESTADUAL;130002534566;30304;MARCUS BARBOSA;NOVO
MG;7;DEPUTADO ESTADUAL;130002534513;30987;ALINE MACHADO;NOVO
MG;7;DEPUTADO ESTADUAL;130002534505;30030;RENATA MIRANDA;NOVO
MG;7;DEPUTADO ESTADUAL;130002534515;30062;REMO FERREIRA;NOVO
MG;7;DEPUTADO ESTADUAL;130002554208;30322;ALEXANDRE BRANCO;NOVO
MG;7;DEPUTADO ESTADUAL;130002534574;30007;FERNANDA PEREIRA ALTOE;NOVO
MG;7;DEPUTADO ESTADUAL;130002548720;20400;LUCAS PRATES;PODE
MG;7;DEPUTADO ESTADUAL;130002548740;20900;CASSYO POUSAS;PODE
MG;7;DEPUTADO ESTADUAL;130002548710;20345;MARIA ELISA;PODE
MG;7;DEPUTADO ESTADUAL;130002548739;20300;CANTOR JONAS VILAR;PODE
MG;7;DEPUTADO ESTADUAL;130002548758;20103;SILESIA DA EDUCACAO;PODE
MG;7;DEPUTADO ESTADUAL;130002551915;70101;EDVANIA FRANCA;AVANTE
MG;7;DEPUTADO ESTADUAL;130002544401;70500;MARA;AVANTE
MG;7;DEPUTADO ESTADUAL;130002544403;70000;JOAO DO SOCIAL;AVANTE
MG;7;DEPUTADO ESTADUAL;130002544376;70234;ALEMAO O GARI DE MINAS;AVANTE
MG;7;DEPUTADO ESTADUAL;130002544394;70333;THENPERSON DO VALE;AVANTE
MG;7;DEPUTADO ESTADUAL;130002551492;70011;CLERIA SALOME;AVANTE
MG;7;DEPUTADO ESTADUAL;130002548709;20194;LEISSON VENTURATO;PODE
MG;7;DEPUTADO ESTADUAL;130002544380;70193;BIM DA AMBULANCIA;AVANTE
MG;7;DEPUTADO ESTADUAL;130002548768;20420;JOSY DO VAGUIM;PODE
MG;7;DEPUTADO ESTADUAL;130002539922;45013;DANIELLE CRISTINA;PSDB
MG;7;DEPUTADO ESTADUAL;130002539921;45445;DRYKA CRUZ;PSDB
MG;7;DEPUTADO ESTADUAL;130002539913;45180;MARTA MURTA;PSDB
MG;7;DEPUTADO ESTADUAL;130002539933;45600;CINTIA RENATA;PSDB
MG;7;DEPUTADO ESTADUAL;130002552415;33444;NEIA BOMBEIRA;MOBILIZA
MG;7;DEPUTADO ESTADUAL;130002552408;33569;ROBERTO DA SAUDE;MOBILIZA
MG;7;DEPUTADO ESTADUAL;130002552442;33369;WILLIAN AMIGO DE ALUGUEL;MOBILIZA
MG;7;DEPUTADO ESTADUAL;130002552418;33015;ELIAS CUNHA;MOBILIZA
MG;7;DEPUTADO ESTADUAL;130002552412;33022;BETO DO DEPOSITO;MOBILIZA
MG;5;SENADOR;130002547882;800;FIDELIS ALCANTARA;UP
MG;5;SENADOR;130002552186;700;CARLIN MOURA;AVANTE
MG;5;SENADOR;130002550557;500;AUREA CAROLINA;PSOL
MG;10;2º SUPLENTE;130002551927;160;JOSE JOAO;PSTU
MG;10;2º SUPLENTE;130002552300;150;IVANISE;MDB
MG;10;2º SUPLENTE;130002550561;500;FELIPE FONSECA;PSOL
MG;6;DEPUTADO FEDERAL;130002543700;4088;LOURINEI DO CORRENTE SOLIDARIA;PSB
MG;6;DEPUTADO FEDERAL;130002543703;4004;ANA LACERDA;PSB
MG;6;DEPUTADO FEDERAL;130002543683;4051;BRUNO GERMANO;PSB
MG;6;DEPUTADO FEDERAL;130002543709;4056;MARCOS GOBIRA;PSB
MG;6;DEPUTADO FEDERAL;130002543688;4050;CARLOS PIMENTA;PSB
MG;6;DEPUTADO FEDERAL;130002543715;4025;FABIANO PINTO;PSB
MG;6;DEPUTADO FEDERAL;130002543697;4070;WALTER GUSMAO;PSB
MG;6;DEPUTADO FEDERAL;130002547891;1559;MARCINHO DO LIBERDADE;MDB
MG;6;DEPUTADO FEDERAL;130002547930;1525;RAFAEL TIRADENTES;MDB
MG;6;DEPUTADO FEDERAL;130002547929;1522;ULISSES GUIMARAES;MDB
MG;6;DEPUTADO FEDERAL;130002547926;1590;JOSE EUSTAQUIO;MDB
MG;6;DEPUTADO FEDERAL;130002547913;1544;MONICA VALLONE;MDB
MG;6;DEPUTADO FEDERAL;130002547917;1550;GUI PORTEIRINHA;MDB
MG;6;DEPUTADO FEDERAL;130002534432;3003;IGOR MARQUES;NOVO
MG;6;DEPUTADO FEDERAL;130002534489;3032;LUCAS EVARISTO;NOVO
MG;6;DEPUTADO FEDERAL;130002534456;3031;DANILO ROCHA;NOVO
MG;6;DEPUTADO FEDERAL;130002534482;3081;GABRIEL SERPA MOTOBOY;NOVO
MG;6;DEPUTADO FEDERAL;130002553046;3379;SERGINHO CABRAL;MOBILIZA
MG;6;DEPUTADO FEDERAL;130002534499;3005;CAIO COIMBRA;NOVO
MG;6;DEPUTADO FEDERAL;130002534496;3035;GUADALUPE DIAS CONTADORA;NOVO
MG;6;DEPUTADO FEDERAL;130002553033;3311;LEANDRO ALMEIDA;MOBILIZA
MG;6;DEPUTADO FEDERAL;130002553034;3388;NEUDITE NOGUEIRA;MOBILIZA
MG;6;DEPUTADO FEDERAL;130002545586;5530;TETA DO SALAO;PSD
MG;6;DEPUTADO FEDERAL;130002545556;5570;ALESSANDRA MEIRELES;PSD
MG;6;DEPUTADO FEDERAL;130002545565;5544;STEFANO AGUIAR;PSD
MG;6;DEPUTADO FEDERAL;130002545575;5560;CARLOS QUINTAO;PSD
MG;6;DEPUTADO FEDERAL;130002545578;5531;JULIANA RIOS;PSD
MG;6;DEPUTADO FEDERAL;130002543107;7014;TALITA VAZ BH;AVANTE
MG;6;DEPUTADO FEDERAL;130002543623;7038;PC LANDIM;AVANTE
MG;6;DEPUTADO FEDERAL;130002543600;7071;ANDREIA ILIDIA;AVANTE
MG;6;DEPUTADO FEDERAL;130002543605;7072;ROBERTO RIBEIRO TORRE NORTE;AVANTE
MG;6;DEPUTADO FEDERAL;130002543602;7080;LEIRIANE DA SAUDE;AVANTE
MG;6;DEPUTADO FEDERAL;130002543616;7075;ANA LUIZA MARILAC;AVANTE
MG;6;DEPUTADO FEDERAL;130002543613;7078;VIANEI;AVANTE
MG;6;DEPUTADO FEDERAL;130002543105;7024;PROFESSOR RILTON;AVANTE
MG;6;DEPUTADO FEDERAL;130002543615;7023;PROF.. ADRIANE CARRARO;AVANTE
MG;6;DEPUTADO FEDERAL;130002543612;7000;ADRIANO ZAGO;AVANTE
MG;6;DEPUTADO FEDERAL;130002550169;7778;RUBENS PAIVA;SOLIDARIEDADE
MG;6;DEPUTADO FEDERAL;130002533259;7765;CHAFIC LAYS;SOLIDARIEDADE
MG;6;DEPUTADO FEDERAL;130002533267;7775;THIAGO AMORIM;SOLIDARIEDADE
MG;6;DEPUTADO FEDERAL;130002533268;2543;CARLOS PAVANELLI;PRD
MG;6;DEPUTADO FEDERAL;130002550166;7755;JOSIANE MARTINS;SOLIDARIEDADE
MG;6;DEPUTADO FEDERAL;130002533246;7714;PAULA MENDONCA;SOLIDARIEDADE
MG;6;DEPUTADO FEDERAL;130002533258;2526;DR. MARCO ANTONIO;PRD
MG;6;DEPUTADO FEDERAL;130002533260;2555;LINDOMAR;PRD
MG;6;DEPUTADO FEDERAL;130002533243;7777;PEDRO BRAGA;SOLIDARIEDADE
MG;6;DEPUTADO FEDERAL;130002538275;1207;PROFESSORA ELISETE;PDT
MG;6;DEPUTADO FEDERAL;130002538299;1289;NELIO COSTA;PDT
MG;6;DEPUTADO FEDERAL;130002538252;1252;BETHANIA REIS;PDT
MG;6;DEPUTADO FEDERAL;130002538284;1260;RONALD PAES;PDT
MG;6;DEPUTADO FEDERAL;130002538279;1245;THIAGO PINHEIRO;PDT
MG;6;DEPUTADO FEDERAL;130002538296;1226;EDUARDO KALIL;PDT
MG;6;DEPUTADO FEDERAL;130002538282;1288;BARRETO DA PRACA DE ESPORTES;PDT
MG;6;DEPUTADO FEDERAL;130002538267;1238;FABINHO DO TERREIRO;PDT
MG;6;DEPUTADO FEDERAL;130002538300;1290;ARLAN DO POVAO;PDT
MG;6;DEPUTADO FEDERAL;130002538277;1214;ROBERTO PACHECO;PDT
MG;6;DEPUTADO FEDERAL;130002542036;2252;DR. FREDERICO;PL
MG;6;DEPUTADO FEDERAL;130002541994;2221;CAROL FIGUEIREDO;PL
MG;6;DEPUTADO FEDERAL;130002542015;2233;LINCOLN PORTELA;PL
MG;6;DEPUTADO FEDERAL;130002542020;2255;CORONEL CLAUDIA;PL
MG;6;DEPUTADO FEDERAL;130002542031;2200;ZE VITOR;PL
MG;6;DEPUTADO FEDERAL;130002553985;2262;CIBELLE RODOVALHO;PL
MG;6;DEPUTADO FEDERAL;130002539837;4525;ELIANE DO TONINHO PANTERA;PSDB
MG;6;DEPUTADO FEDERAL;130002539836;4578;BEATRIZ SOUZA;PSDB
MG;6;DEPUTADO FEDERAL;130002539875;4530;MARISCAL;PSDB
MG;6;DEPUTADO FEDERAL;130002542039;2204;RODRIGO TAVARES;PL
MG;6;DEPUTADO FEDERAL;130002542001;2202;GLADSTON GABRIEL;PL
MG;6;DEPUTADO FEDERAL;130002539848;4546;ADRIANA LIMA;PSDB
MG;6;DEPUTADO FEDERAL;130002539872;4510;ROZIVALDO GERVASIO;PSDB
MG;6;DEPUTADO FEDERAL;130002539870;4511;DELEGADO LADEIRA;PSDB
MG;6;DEPUTADO FEDERAL;130002542011;2225;FABINHO RAMALHO;PL
MG;6;DEPUTADO FEDERAL;130002542021;2280;VINICIUS DINIZ;PL
MG;6;DEPUTADO FEDERAL;130002539873;4531;STEFANY ANDRADE;PSDB
MG;6;DEPUTADO FEDERAL;130002539843;4512;WELLINGTON VILAS E FAVELAS;PSDB
MG;6;DEPUTADO FEDERAL;130002547452;1600;RAIR ANICIO;PSTU
MG;6;DEPUTADO FEDERAL;130002554138;2025;FLAVIO DE PAULA;PODE
MG;6;DEPUTADO FEDERAL;130002548815;2098;MARILDA DA REPRESA;PODE
MG;6;DEPUTADO FEDERAL;130002548801;2080;HERIKA JARDIM;PODE
MG;6;DEPUTADO FEDERAL;130002548779;2012;ENRICO LOPES;PODE
MG;6;DEPUTADO FEDERAL;130002548784;2011;RICARDO DA FARMACIA;PODE
MG;6;DEPUTADO FEDERAL;130002535300;1334;DANDARA;PT
MG;6;DEPUTADO FEDERAL;130002535277;1338;JOSE GERALDO;PT
MG;6;DEPUTADO FEDERAL;130002535313;1363;LEONARDO MONTEIRO;PT
MG;6;DEPUTADO FEDERAL;130002535311;1345;PROFESSOR JOAQUIM TEOFILO;PT
MG;6;DEPUTADO FEDERAL;130002535302;4334;ADRIANA BUZELIN;PV
MG;6;DEPUTADO FEDERAL;130002535293;1378;PAULO GUEDES;PT
MG;6;DEPUTADO FEDERAL;130002535283;1333;JOAO GABRIEL PRATES;PT
MG;6;DEPUTADO FEDERAL;130002539722;5037;JU;PSOL
MG;6;DEPUTADO FEDERAL;130002539741;5088;CELIA XAKRIABA;PSOL
MG;6;DEPUTADO FEDERAL;130002539739;5044;LUCAS SIDRACH DO VAT;PSOL
MG;6;DEPUTADO FEDERAL;130002539719;1810;HIGOR GAMA;REDE
MG;6;DEPUTADO FEDERAL;130002539717;1866;DRA. CLAUDETE SILVA TEODORO;REDE
MG;6;DEPUTADO FEDERAL;130002539721;1877;EDIVANIA ALVES;REDE
MG;6;DEPUTADO FEDERAL;130002539740;5078;ANGELO COSTA;PSOL
MG;6;DEPUTADO FEDERAL;130002544437;1400;ENZO DANGELO;MISSÃO
MG;6;DEPUTADO FEDERAL;130002544426;1415;JHONATA SOUZA;MISSÃO
MG;6;DEPUTADO FEDERAL;130002544442;1478;ADRIANO RENNO;MISSÃO
MG;6;DEPUTADO FEDERAL;130002544443;1440;ANGELO ALVES;MISSÃO
MG;6;DEPUTADO FEDERAL;130002542740;1124;LEONORA ROSA;PP
MG;6;DEPUTADO FEDERAL;130002542724;4477;ZE SILVA;UNIÃO
MG;6;DEPUTADO FEDERAL;130002542707;4489;ADEMIR LUCAS;UNIÃO
MG;6;DEPUTADO FEDERAL;130002542698;1117;NANI ALMEIDA;PP
MG;6;DEPUTADO FEDERAL;130002542720;1155;FLAVIA DO VAL;PP
MG;6;DEPUTADO FEDERAL;130002542722;1170;DR.CELSO VAZ;PP
MG;6;DEPUTADO FEDERAL;130002542737;4420;TEREZA NAVARRO;UNIÃO
MG;6;DEPUTADO FEDERAL;130002542727;4434;SILVINHO MENICUCCI;UNIÃO
MG;6;DEPUTADO FEDERAL;130002537213;1050;CIBELE MACHADO;REPUBLICANOS
MG;6;DEPUTADO FEDERAL;130002537218;1034;MARILAINE;REPUBLICANOS
MG;6;DEPUTADO FEDERAL;130002537215;1005;CORONEL AZEVEDO;REPUBLICANOS
MG;6;DEPUTADO FEDERAL;130002537217;1060;REGILAINE PITORRA;REPUBLICANOS
MG;6;DEPUTADO FEDERAL;130002537183;1026;DARIO FERREIRA;REPUBLICANOS
MG;6;DEPUTADO FEDERAL;130002537201;1040;COSME NASCIMENTO;REPUBLICANOS
MG;6;DEPUTADO FEDERAL;130002537216;1056;TEKINHO;REPUBLICANOS
MG;7;DEPUTADO ESTADUAL;130002535359;43222;IRENE MELO FRANCO;PV
MG;7;DEPUTADO ESTADUAL;130002535387;13600;MOARA SABOIA;PT
MG;7;DEPUTADO ESTADUAL;130002535381;13513;DINEY LENON;PT
MG;7;DEPUTADO ESTADUAL;130002535352;13013;JUNINHO;PT
MG;7;DEPUTADO ESTADUAL;130002535373;13900;GILSA SANTOS;PT
MG;7;DEPUTADO ESTADUAL;130002535320;13000;ADRIANA SOUZA;PT
MG;7;DEPUTADO ESTADUAL;130002535371;13050;ANDREIA DE JESUS;PT
MG;7;DEPUTADO ESTADUAL;130002533526;35888;RUBINHO RESENDE;DEMOCRATA
MG;7;DEPUTADO ESTADUAL;130002533502;35454;FERNANDA SILVA;DEMOCRATA
MG;7;DEPUTADO ESTADUAL;130002533496;35044;DANIELLE TEIXEIRA;DEMOCRATA
MG;7;DEPUTADO ESTADUAL;130002533535;35777;AMAURI DAMIAO 35777;DEMOCRATA
MG;7;DEPUTADO ESTADUAL;130002533521;35696;LERIN;DEMOCRATA
MG;7;DEPUTADO ESTADUAL;130002539886;10122;OZEIAS SILVA;REPUBLICANOS
MG;7;DEPUTADO ESTADUAL;130002539885;10789;NEILANDO PIMENTA;REPUBLICANOS
MG;7;DEPUTADO ESTADUAL;130002539888;10303;ELISABETE (BETE);REPUBLICANOS
MG;7;DEPUTADO ESTADUAL;130002539906;10031;GU DO ESTRELA;REPUBLICANOS
MG;7;DEPUTADO ESTADUAL;130002539512;18181;FERNANDO NEIVA;REDE
MG;7;DEPUTADO ESTADUAL;130002539531;50777;DANILO KORVO;PSOL
MG;7;DEPUTADO ESTADUAL;130002539513;18456;CEZAR RIBEIRO - PADRE CEZAR;REDE
MG;7;DEPUTADO ESTADUAL;130002551793;18178;MARYH BENEDITTA;REDE
MG;7;DEPUTADO ESTADUAL;130002539517;18150;GILSON SCASSIOTTI;REDE
MG;7;DEPUTADO ESTADUAL;130002539498;18061;TAQUIM DA NOVA GERACAO;REDE
MG;7;DEPUTADO ESTADUAL;130002542090;22550;PEDRO BOM NEGOCIO;PL
MG;7;DEPUTADO ESTADUAL;130002542108;22400;WILTINHO ANACONDA SEGURANCA;PL
MG;7;DEPUTADO ESTADUAL;130002542091;22102;DELEGADO HELI GRILO;PL
MG;7;DEPUTADO ESTADUAL;130002542093;22001;PEDRO LUIZ;PL
MG;7;DEPUTADO ESTADUAL;130002542052;22002;ELIZABETH MARIANO;PL
MG;7;DEPUTADO ESTADUAL;130002542102;22662;CISO;PL
MG;7;DEPUTADO ESTADUAL;130002554353;12676;PROFESSORA VIVIANE;PDT
MG;7;DEPUTADO ESTADUAL;130002540059;12666;ADRIANO PLACIDO;PDT
MG;7;DEPUTADO ESTADUAL;130002540031;12030;DENISA SANTOS;PDT
MG;7;DEPUTADO ESTADUAL;130002554137;12500;SARGENTO ALEXANDRINO;PDT
MG;7;DEPUTADO ESTADUAL;130002540024;12175;MARIA SUELY FLANELINHA;PDT
MG;7;DEPUTADO ESTADUAL;130002540013;12993;ALINE CASTRO;PDT
MG;7;DEPUTADO ESTADUAL;130002540069;12444;PAULINO DE OLIVEIRA;PDT
MG;7;DEPUTADO ESTADUAL;130002540008;12677;PAULO GUARANI;PDT
MG;7;DEPUTADO ESTADUAL;130002540036;12000;MARCIO VICTOR;PDT
MG;7;DEPUTADO ESTADUAL;130002540060;12900;PASTORA MARIA DO POVO;PDT
MG;7;DEPUTADO ESTADUAL;130002549964;55445;LUCIA DA LOJINHA;PSD
MG;7;DEPUTADO ESTADUAL;130002549954;55678;ENES CANDIDO;PSD
MG;7;DEPUTADO ESTADUAL;130002553614;55111;OLIVIA SOUSA;PSD
MG;7;DEPUTADO ESTADUAL;130002549955;55500;RENE BUTEKUS;PSD
MG;7;DEPUTADO ESTADUAL;130002542757;44888;BRUNO BORGES;UNIÃO
MG;7;DEPUTADO ESTADUAL;130002542754;44111;BETINHO PINTO COELHO;UNIÃO
MG;7;DEPUTADO ESTADUAL;130002542756;11666;KIDINHO;PP
MG;7;DEPUTADO ESTADUAL;130002542772;44789;CRISTIANO DO CAIS;UNIÃO
MG;7;DEPUTADO ESTADUAL;130002547839;11000;LILIAN FRANCA;PP
MG;7;DEPUTADO ESTADUAL;130002542746;44555;JUNIOR SOUSA;UNIÃO
MG;7;DEPUTADO ESTADUAL;130002550151;15111;ARLEN SANTIAGO;MDB
MG;7;DEPUTADO ESTADUAL;130002542770;11775;BIG JHOW;PP
MG;7;DEPUTADO ESTADUAL;130002542778;11333;MONICA DA SAUDE;PP
MG;7;DEPUTADO ESTADUAL;130002542790;44991;MARCIA CATIGURIA;UNIÃO
MG;7;DEPUTADO ESTADUAL;130002542798;44321;FRED HUBNER;UNIÃO
MG;7;DEPUTADO ESTADUAL;130002550161;15989;MIRACY SANTOS;MDB
MG;7;DEPUTADO ESTADUAL;130002550135;15999;ELIANE NINHA;MDB
MG;7;DEPUTADO ESTADUAL;130002550146;15601;CASSIA CRISTINA;MDB
MG;7;DEPUTADO ESTADUAL;130002550129;15896;RONALDO AZEVEDO;MDB
MG;7;DEPUTADO ESTADUAL;130002550158;15500;JURACI DO SILVIO SANTOS;MDB
MG;7;DEPUTADO ESTADUAL;130002550178;77071;NONATO DAS CORRIDAS;SOLIDARIEDADE
MG;7;DEPUTADO ESTADUAL;130002532945;25010;DR ADAILTON ADV. DA ENFERMAGEM;PRD
MG;7;DEPUTADO ESTADUAL;130002532928;25455;OZEIAS ARAUJO;PRD
MG;7;DEPUTADO ESTADUAL;130002533221;25444;ROGERIO AVELAR;PRD
MG;7;DEPUTADO ESTADUAL;130002532921;77010;SILVA;SOLIDARIEDADE
MG;7;DEPUTADO ESTADUAL;130002532952;25678;ELIANA CHISTE;PRD
MG;7;DEPUTADO ESTADUAL;130002533225;25456;MATHEUS BRAGA;PRD
MG;7;DEPUTADO ESTADUAL;130002532947;25999;DENISE DA SUPRA;PRD
MG;7;DEPUTADO ESTADUAL;130002550175;77258;LUIZINHO DO RETIRO;SOLIDARIEDADE
MG;7;DEPUTADO ESTADUAL;130002551744;36100;PROFESSOR NILTINHO DO BEM;AGIR
MG;7;DEPUTADO ESTADUAL;130002551494;36333;ROGERIO DO SACOLAO;AGIR
MG;7;DEPUTADO ESTADUAL;130002551493;36777;JOSE CARLOS GOMES;AGIR
MG;7;DEPUTADO ESTADUAL;130002551766;36077;REGIS DOS ANJOS;AGIR
MG;7;DEPUTADO ESTADUAL;130002551768;36707;DRACULA;AGIR
MG;7;DEPUTADO ESTADUAL;130002551496;36001;MARCAO VIGILANTE;AGIR
MG;7;DEPUTADO ESTADUAL;130002551784;36800;SERGIO AMORIM;AGIR
MG;7;DEPUTADO ESTADUAL;130002551773;36200;DR. CELIO ANTUNES;AGIR
MG;7;DEPUTADO ESTADUAL;130002543682;40909;ABNER SOARES;PSB
MG;7;DEPUTADO ESTADUAL;130002543670;40400;MARINA LOPES;PSB
MG;7;DEPUTADO ESTADUAL;130002543668;40050;ELAINE JUNQUEIRA;PSB
MG;7;DEPUTADO ESTADUAL;130002543676;40500;DELIO PINHEIRO;PSB
MG;7;DEPUTADO ESTADUAL;130002543680;40777;GUTO RESENDE;PSB
MG;7;DEPUTADO ESTADUAL;130002534570;30120;LEANDRO VAROTO;NOVO
MG;7;DEPUTADO ESTADUAL;130002534537;30760;VICENTE CALIXTO;NOVO
MG;7;DEPUTADO ESTADUAL;130002534560;30322;NETO DO SALAO;NOVO
MG;7;DEPUTADO ESTADUAL;130002534554;30034;PITHER FREITAS;NOVO
MG;7;DEPUTADO ESTADUAL;130002534549;30999;JOAO FERNANDO;NOVO
MG;7;DEPUTADO ESTADUAL;130002534508;30020;LUCIO SOUZA;NOVO
MG;7;DEPUTADO ESTADUAL;130002534522;30456;LARISSA DIAS;NOVO
MG;7;DEPUTADO ESTADUAL;130002534567;30333;VERONICA INACIA;NOVO
MG;7;DEPUTADO ESTADUAL;130002534519;30610;PHILL LIMA;NOVO
MG;7;DEPUTADO ESTADUAL;130002534564;30147;SIRLEI ALVES;NOVO
MG;7;DEPUTADO ESTADUAL;130002534571;30500;DOUGLAS KAJFES;NOVO
MG;7;DEPUTADO ESTADUAL;130002534576;30220;PROFESSOR JULIATTI;NOVO
MG;7;DEPUTADO ESTADUAL;130002534578;30363;VANDER LOGAN;NOVO
MG;7;DEPUTADO ESTADUAL;130002534553;30123;WENDINHO;NOVO
MG;7;DEPUTADO ESTADUAL;130002534557;30200;MATEUS EUGENIO;NOVO
MG;7;DEPUTADO ESTADUAL;130002544390;70026;LUCIANO GUEDES;AVANTE
MG;7;DEPUTADO ESTADUAL;130002548764;20100;DR. HELDER DELEGADO;PODE
MG;7;DEPUTADO ESTADUAL;130002548737;20102;FRAN CLARA DA SAUDE;PODE
MG;7;DEPUTADO ESTADUAL;130002544397;70365;OZEAS CAMPOS;AVANTE
MG;7;DEPUTADO ESTADUAL;130002544373;70133;GLAYSON JOHNNY;AVANTE
MG;7;DEPUTADO ESTADUAL;130002544393;70900;LEANDRO GUELLA;AVANTE
MG;7;DEPUTADO ESTADUAL;130002544392;70001;LACY LEAL;AVANTE
MG;7;DEPUTADO ESTADUAL;130002544381;70789;TEKO - WIRLEY REIS;AVANTE
MG;7;DEPUTADO ESTADUAL;130002552307;70222;FABIANO DOIDO;AVANTE
MG;7;DEPUTADO ESTADUAL;130002548738;20101;LU DE SOUZA;PODE
MG;7;DEPUTADO ESTADUAL;130002544386;70666;KINCA;AVANTE
MG;7;DEPUTADO ESTADUAL;130002544404;70678;ROGERIO SANTOS;AVANTE
MG;7;DEPUTADO ESTADUAL;130002552306;70450;JULIO DO PAULO MARQUES;AVANTE
MG;7;DEPUTADO ESTADUAL;130002548733;20323;INSTRUTOR REINALDO;PODE
MG;7;DEPUTADO ESTADUAL;130002548765;20999;RANI PCD;PODE
MG;7;DEPUTADO ESTADUAL;130002544399;70202;PROF. TATI;AVANTE
MG;7;DEPUTADO ESTADUAL;130002544391;70018;PEDRO CONTADOR;AVANTE
MG;7;DEPUTADO ESTADUAL;130002548763;20122;CHICO WIRIS;PODE
MG;7;DEPUTADO ESTADUAL;130002539926;45153;SAMIRA LADEIRA;PSDB
MG;7;DEPUTADO ESTADUAL;130002539931;45300;MARIA CLARA;PSDB
MG;7;DEPUTADO ESTADUAL;130002552423;33636;DICKSON VALERIO;MOBILIZA
MG;7;DEPUTADO ESTADUAL;130002552413;33233;CARLOS TURSI;MOBILIZA
MG;7;DEPUTADO ESTADUAL;130002552440;33625;PASTOR JULIAO VIGILANTE;MOBILIZA
MG;7;DEPUTADO ESTADUAL;130002552446;33019;KATIA GOMES;MOBILIZA
MG;7;DEPUTADO ESTADUAL;130002552406;33666;ANA CLEYDE VIUVA DO XANDAO;MOBILIZA
MG;7;DEPUTADO ESTADUAL;130002553023;33090;CIDO ANDRADE;MOBILIZA
MG;7;DEPUTADO ESTADUAL;130002552422;33127;PASTOR EDIMILSON CALIXTO;MOBILIZA
MG;7;DEPUTADO ESTADUAL;130002552436;33620;WALTER KARATE;MOBILIZA
MG;7;DEPUTADO ESTADUAL;130002552462;33223;TONINHO ALEGRIA;MOBILIZA
MG;7;DEPUTADO ESTADUAL;130002552457;33169;RUFINO;MOBILIZA
MG;7;DEPUTADO ESTADUAL;130002552455;33333;MARCELO DO POVO;MOBILIZA
MG;7;DEPUTADO ESTADUAL;130002552449;33773;STEPHANIE SOUZA;MOBILIZA
MG;10;2º SUPLENTE;130002547885;800;ELSON VIOLANTE;UP
MG;10;2º SUPLENTE;130002547881;808;CHRISTINO ALMEIDA;UP
MG;10;2º SUPLENTE;130002552298;155;NENA MARCHESE;MDB
MG;3;GOVERNADOR;130002544411;14;BEN MENDES;MISSÃO
MG;3;GOVERNADOR;130002550464;13;PATRUS ANANIAS;PT
MG;3;GOVERNADOR;130002550834;22;FLAVIO ROSCOE;PL
MG;9;1º SUPLENTE;130002554270;123;PROFESSOR DANIEL GOMES;PDT
MG;5;SENADOR;130002553354;456;GUSTAVO GALASSI;PSDB
MG;6;DEPUTADO FEDERAL;130002543695;4077;ISMAEL SILVA;PSB
MG;6;DEPUTADO FEDERAL;130002543717;4040;KATIA GAIVOTO;PSB
MG;6;DEPUTADO FEDERAL;130002543702;4020;DR CRISTIAN CONDACK;PSB
MG;6;DEPUTADO FEDERAL;130002543687;4069;RUBIA MIRANDA;PSB
MG;6;DEPUTADO FEDERAL;130002543686;4002;REGINA PERSONAL;PSB
MG;6;DEPUTADO FEDERAL;130002543701;4005;WARDEM HUGO;PSB
MG;6;DEPUTADO FEDERAL;130002543699;4003;MAYKON;PSB
MG;6;DEPUTADO FEDERAL;130002543718;4001;DRA ELIANE SANTIAGO;PSB
MG;6;DEPUTADO FEDERAL;130002543685;4009;ADIL RODRIGUES;PSB
MG;6;DEPUTADO FEDERAL;130002547928;1540;POLYANA GERMANO;MDB
MG;6;DEPUTADO FEDERAL;130002547927;1598;PROFESSOR WESLEY FREIRE;MDB
MG;6;DEPUTADO FEDERAL;130002547916;1579;ALESSANDRO TOMAZ;MDB
MG;6;DEPUTADO FEDERAL;130002534459;3023;DR. MARCO DO JOAO 23;NOVO
MG;6;DEPUTADO FEDERAL;130002534464;3037;ALTIVO DUARTE;NOVO
MG;6;DEPUTADO FEDERAL;130002553041;3340;VALTAIR CORREA;MOBILIZA
MG;6;DEPUTADO FEDERAL;130002553029;3377;ANGELITA ROCHA;MOBILIZA
MG;6;DEPUTADO FEDERAL;130002553039;3325;CORDEIRO;MOBILIZA
MG;6;DEPUTADO FEDERAL;130002534492;3009;CARLA BOTREL PSI;NOVO
MG;6;DEPUTADO FEDERAL;130002534478;3050;HERMINIO BERNARDO;NOVO
MG;6;DEPUTADO FEDERAL;130002545566;5554;FLAMARION ROLANDO;PSD
MG;6;DEPUTADO FEDERAL;130002545570;5515;SILVANA MIRANDA FOTOGRAFIA;PSD
MG;6;DEPUTADO FEDERAL;130002545562;5511;ANDRE MARTINS;PSD
MG;6;DEPUTADO FEDERAL;130002545572;5526;MATHEUS COELHO;PSD
MG;6;DEPUTADO FEDERAL;130002543628;7013;CARLIN LULA;AVANTE
MG;6;DEPUTADO FEDERAL;130002543609;7045;REGINALDO DA HORTA;AVANTE
MG;6;DEPUTADO FEDERAL;130002543593;7088;MICHELLE RODRIGUES;AVANTE
MG;6;DEPUTADO FEDERAL;130002543597;7055;LAUDIVIO CARVALHO;AVANTE
MG;6;DEPUTADO FEDERAL;130002543610;7012;JUNIA MEDEIROS;AVANTE
MG;6;DEPUTADO FEDERAL;130002552305;7035;NESTOR RAMOS;AVANTE
MG;6;DEPUTADO FEDERAL;130002543627;7003;STHEFANIE CARVALHO;AVANTE
MG;6;DEPUTADO FEDERAL;130002543108;7077;IGOR ETO;AVANTE
MG;6;DEPUTADO FEDERAL;130002543626;7094;GUSTAVO LOPES;AVANTE
MG;6;DEPUTADO FEDERAL;130002547876;8080;EDINHO DO MLB;UP
MG;6;DEPUTADO FEDERAL;130002547877;8000;HELENA NARA;UP
MG;6;DEPUTADO FEDERAL;130002533244;2525;SERGIO SANTOS RODRIGUES;PRD
MG;6;DEPUTADO FEDERAL;130002533266;2511;CARLINHOS BRAVO DA LOJA;PRD
MG;6;DEPUTADO FEDERAL;130002533269;7738;LUIZ ANTONIO;SOLIDARIEDADE
MG;6;DEPUTADO FEDERAL;130002533262;2500;PARE ADVOGADA;PRD
MG;6;DEPUTADO FEDERAL;130002538285;1202;ELMINA FERREIRA;PDT
MG;6;DEPUTADO FEDERAL;130002538259;1221;CELTON MESQUITA;PDT
MG;6;DEPUTADO FEDERAL;130002538281;1215;DERALDO ROSA;PDT
MG;6;DEPUTADO FEDERAL;130002538286;1229;UCHARLES DA CICLOTRAN;PDT
MG;6;DEPUTADO FEDERAL;130002542018;2206;LAIZA AVELAR;PL
MG;6;DEPUTADO FEDERAL;130002539861;4500;VITAO;PSDB
MG;6;DEPUTADO FEDERAL;130002542040;2211;VILE SANTOS;PL
MG;6;DEPUTADO FEDERAL;130002542042;2298;SILVANA ARAUJO;PL
MG;6;DEPUTADO FEDERAL;130002539866;4567;SARGENTO FONSECA;PSDB
MG;6;DEPUTADO FEDERAL;130002539869;4514;SOELSON ARAUJO;PSDB
MG;6;DEPUTADO FEDERAL;130002539840;4560;BONEKA JAIBA;PSDB
MG;6;DEPUTADO FEDERAL;130002542000;2227;IGOR SANTOS;PL
MG;6;DEPUTADO FEDERAL;130002542006;2236;FABIANO CAZECA;PL
MG;6;DEPUTADO FEDERAL;130002539853;4564;BENEDITO FILHO;PSDB
MG;6;DEPUTADO FEDERAL;130002539868;4575;HELENO BALA;PSDB
MG;6;DEPUTADO FEDERAL;130002539858;4533;NEGA;PSDB
MG;6;DEPUTADO FEDERAL;130002548774;2097;ANGEL MIX GERASSOL;PODE
MG;6;DEPUTADO FEDERAL;130002548819;2031;BETO DO VIVALDI;PODE
MG;6;DEPUTADO FEDERAL;130002548811;2022;FELIPE RIBEIRO;PODE
MG;6;DEPUTADO FEDERAL;130002548825;2009;TAIRIS MARIA;PODE
MG;6;DEPUTADO FEDERAL;130002548806;2078;PROFESSOR LUIS;PODE
MG;6;DEPUTADO FEDERAL;130002548797;2010;RONALDO TANNUS;PODE
MG;6;DEPUTADO FEDERAL;130002535312;1366;PROFESSORA JOELMA;PT
MG;6;DEPUTADO FEDERAL;130002535297;1377;VIVIANE SANTOS AQUILOMBAR MG;PT
MG;6;DEPUTADO FEDERAL;130002535290;6510;WADSON RIBEIRO;PCDOB
MG;6;DEPUTADO FEDERAL;130002535289;1325;LUISINHO CORREDOR;PT
MG;6;DEPUTADO FEDERAL;130002539718;1815;GIANCARLO;REDE
MG;6;DEPUTADO FEDERAL;130002538968;1890;SAVIO SOUZA CRUZ;REDE
MG;6;DEPUTADO FEDERAL;130002539723;5054;ALINE LOPES;PSOL
MG;6;DEPUTADO FEDERAL;130002554390;1855;ELIENE CHAVES;REDE
MG;6;DEPUTADO FEDERAL;130002539733;5051;FAGUNDES;PSOL
MG;6;DEPUTADO FEDERAL;130002539724;5030;DENISE TRINDADE;PSOL
MG;6;DEPUTADO FEDERAL;130002551255;2702;CONFRADE MAURO RESENDE;DC
MG;6;DEPUTADO FEDERAL;130002544430;1426;BETHANIA MANSUR;MISSÃO
MG;6;DEPUTADO FEDERAL;130002544438;1433;EMERSON COSTA;MISSÃO
MG;6;DEPUTADO FEDERAL;130002542729;1135;JOAO PAULO EVENTOS;PP
MG;6;DEPUTADO FEDERAL;130002542693;4411;MENINA DA BOTA;UNIÃO
MG;6;DEPUTADO FEDERAL;130002542703;1107;NARCISO JOSE;PP
MG;6;DEPUTADO FEDERAL;130002542708;1113;CLAUDIO MOREIRA;PP
MG;6;DEPUTADO FEDERAL;130002542702;4499;CABO MEIRELES;UNIÃO
MG;6;DEPUTADO FEDERAL;130002537184;1051;MARCILENE SILVA;REPUBLICANOS
MG;6;DEPUTADO FEDERAL;130002537219;1008;DR MARCOS DA ONCOLOGIA;REPUBLICANOS
MG;6;DEPUTADO FEDERAL;130002537192;1006;ZEZE MESQUITA;REPUBLICANOS
MG;6;DEPUTADO FEDERAL;130002537198;1090;CORONEL EDVANIO;REPUBLICANOS
MG;6;DEPUTADO FEDERAL;130002537214;1098;ANGELA CRISTINA;REPUBLICANOS
MG;6;DEPUTADO FEDERAL;130002537193;1003;HERCULANO;REPUBLICANOS
MG;6;DEPUTADO FEDERAL;130002537212;1071;RENATO HERBERT;REPUBLICANOS
MG;6;DEPUTADO FEDERAL;130002537206;1015;EUCLYDES PETTERSEN;REPUBLICANOS
MG;6;DEPUTADO FEDERAL;130002537220;1047;PASTORA VALERIA;REPUBLICANOS
MG;6;DEPUTADO FEDERAL;130002537204;1024;CABO SANTANA;REPUBLICANOS
MG;7;DEPUTADO ESTADUAL;130002535346;13222;DANIEL SUCUPIRA;PT
MG;7;DEPUTADO ESTADUAL;130002535355;13707;PAMELA VINDILINO;PT
MG;7;DEPUTADO ESTADUAL;130002535327;13613;BETAO;PT
MG;7;DEPUTADO ESTADUAL;130002535351;13022;VINICIUS VENADES;PT
MG;7;DEPUTADO ESTADUAL;130002535349;13213;VINICIUS BIM;PT
MG;7;DEPUTADO ESTADUAL;130002535363;13456;LENINHA;PT
MG;7;DEPUTADO ESTADUAL;130002535369;65123;LIVIA MACEDO;PCDOB
MG;7;DEPUTADO ESTADUAL;130002535367;43050;DOUGLAS VERISSIMO;PV
MG;7;DEPUTADO ESTADUAL;130002533513;35450;GUALTER MONTEIRO;DEMOCRATA
MG;7;DEPUTADO ESTADUAL;130002533512;35001;GINIA SILVA;DEMOCRATA
MG;7;DEPUTADO ESTADUAL;130002533504;35300;LEANDRO HERINGER;DEMOCRATA
MG;7;DEPUTADO ESTADUAL;130002533537;35222;FRANKLIN LIMA;DEMOCRATA
MG;7;DEPUTADO ESTADUAL;130002533523;35551;WILSON CAMPOS;DEMOCRATA
MG;7;DEPUTADO ESTADUAL;130002552314;29000;MARILIA GARCIA;PCO
MG;7;DEPUTADO ESTADUAL;130002533514;35012;ELIDA MARCELINA;DEMOCRATA
MG;7;DEPUTADO ESTADUAL;130002533534;35077;JUAREZ  TAVARES;DEMOCRATA
MG;7;DEPUTADO ESTADUAL;130002533498;35333;TIAGO BONECAO;DEMOCRATA
MG;7;DEPUTADO ESTADUAL;130002539881;10011;CLAUDIA PINHEIRO;REPUBLICANOS
MG;7;DEPUTADO ESTADUAL;130002539883;10024;MARCOS SARITA;REPUBLICANOS
MG;7;DEPUTADO ESTADUAL;130002539899;10456;ANDRE MERLO;REPUBLICANOS
MG;7;DEPUTADO ESTADUAL;130002539487;18333;VITOR ANDRADE;REDE
MG;7;DEPUTADO ESTADUAL;130002539522;18900;LUCAS LASMAR;REDE
MG;7;DEPUTADO ESTADUAL;130002539532;18100;SILVIA REGINA;REDE
MG;7;DEPUTADO ESTADUAL;130002539516;18040;NUBIA CITTY ADVOGADA;REDE
MG;7;DEPUTADO ESTADUAL;130002539486;18500;WAGNER FERREIRA;REDE
MG;7;DEPUTADO ESTADUAL;130002539507;50234;EDMARA APARECIDA;PSOL
MG;7;DEPUTADO ESTADUAL;130002539501;18555;GISELY ANICETA;REDE
MG;7;DEPUTADO ESTADUAL;130002539514;50333;SHIRLEY KRENAK;PSOL
MG;7;DEPUTADO ESTADUAL;130002539525;18789;MADALENA PACHECO;REDE
MG;7;DEPUTADO ESTADUAL;130002539518;18282;MARCELO DOCO;REDE
MG;7;DEPUTADO ESTADUAL;130002539530;50200;ADJAILSON SEVERO;PSOL
MG;7;DEPUTADO ESTADUAL;130002539510;18228;ELAINE SILVA;REDE
MG;7;DEPUTADO ESTADUAL;130002539492;50321;FELIPE GOMES;PSOL
MG;7;DEPUTADO ESTADUAL;130002539489;18180;WALTER PINHEIRO DO SOUL;REDE
MG;7;DEPUTADO ESTADUAL;130002539500;50005;LEANDRO CESAR;PSOL
MG;7;DEPUTADO ESTADUAL;130002539523;50222;DU EVANGELISTA;PSOL
MG;7;DEPUTADO ESTADUAL;130002547880;80123;DANIEL TITO;UP
MG;7;DEPUTADO ESTADUAL;130002542069;22321;BRENO FONSECA;PL
MG;7;DEPUTADO ESTADUAL;130002542089;22566;VALERIA REIS;PL
MG;7;DEPUTADO ESTADUAL;130002542054;22999;MARILIA AMARAL;PL
MG;7;DEPUTADO ESTADUAL;130002542081;22333;ALE PORTELA;PL
MG;7;DEPUTADO ESTADUAL;130002542067;22344;DIANE DO MANANCIAL;PL
MG;7;DEPUTADO ESTADUAL;130002540025;12445;MARCINHO MECANICO;PDT
MG;7;DEPUTADO ESTADUAL;130002540066;12080;WAGUINHO CAVALCANTE;PDT
MG;7;DEPUTADO ESTADUAL;130002540012;12100;MARCIA CARDOSO;PDT
MG;7;DEPUTADO ESTADUAL;130002540032;12120;TAQUINHO AMARAL;PDT
MG;7;DEPUTADO ESTADUAL;130002540049;12202;LUIZ HENRIQUE;PDT
MG;7;DEPUTADO ESTADUAL;130002540040;12501;TARLEI  MOREIRA MELO;PDT
MG;7;DEPUTADO ESTADUAL;130002540023;12193;MOISES PINHEIRO;PDT
MG;7;DEPUTADO ESTADUAL;130002540054;12111;DRA LAIS SANTIAGO;PDT
MG;7;DEPUTADO ESTADUAL;130002540048;12009;TIAGO CARTEIRO;PDT
MG;7;DEPUTADO ESTADUAL;130002540027;12888;FRANCA;PDT
MG;7;DEPUTADO ESTADUAL;130002540009;12612;PEDRO DA MEP;PDT
MG;7;DEPUTADO ESTADUAL;130002540043;12044;MARCILIA NEVES;PDT
MG;7;DEPUTADO ESTADUAL;130002544419;14777;ANA FIALHO;MISSÃO
MG;7;DEPUTADO ESTADUAL;130002544417;14123;LILIANE REZENDE;MISSÃO
MG;7;DEPUTADO ESTADUAL;130002549961;55888;DIEGO OLIVEIRA;PSD
MG;7;DEPUTADO ESTADUAL;130002542747;44123;RODRIGO LOPES;UNIÃO
MG;7;DEPUTADO ESTADUAL;130002542797;11037;SAMARA RIBEIRO;PP
MG;7;DEPUTADO ESTADUAL;130002542794;44200;DR. ANTONIO AGUIAR;UNIÃO
MG;7;DEPUTADO ESTADUAL;130002542803;11441;CLAUDINEY DA SAUDE;PP
MG;7;DEPUTADO ESTADUAL;130002542763;11611;RENATA CASSIA;PP
MG;7;DEPUTADO ESTADUAL;130002550142;15002;MILTON BOARETO SALSICHA;MDB
MG;7;DEPUTADO ESTADUAL;130002542779;44022;MARCIA REIS;UNIÃO
MG;7;DEPUTADO ESTADUAL;130002542783;44000;EDUARDO COSTA;UNIÃO
MG;7;DEPUTADO ESTADUAL;130002542760;11500;BETO COWBOY;PP
MG;7;DEPUTADO ESTADUAL;130002550136;15115;DRA. CIDINHA;MDB
MG;7;DEPUTADO ESTADUAL;130002550125;15405;KARLA DIAS;MDB
MG;7;DEPUTADO ESTADUAL;130002550118;15067;PEDRO SIMAO;MDB
MG;7;DEPUTADO ESTADUAL;130002533216;25252;DANILO ALVARENGA;PRD
MG;7;DEPUTADO ESTADUAL;130002533227;25325;PR. HELIO;PRD
MG;7;DEPUTADO ESTADUAL;130002532930;25370;JAQUELINE AVELAR;PRD
MG;7;DEPUTADO ESTADUAL;130002532942;25200;FLAVIO MARRA;PRD
MG;7;DEPUTADO ESTADUAL;130002532933;25052;MARCIA BRAGA;PRD
MG;7;DEPUTADO ESTADUAL;130002533229;25555;JUCA BAHIA;PRD
MG;7;DEPUTADO ESTADUAL;130002532927;25333;WANDERLEY PORTO;PRD
MG;7;DEPUTADO ESTADUAL;130002532948;25124;DIRCE AIDA;PRD
MG;7;DEPUTADO ESTADUAL;130002551782;36258;MARIA DO BAR;AGIR
MG;7;DEPUTADO ESTADUAL;130002551777;36689;DUDU CARTEIRO;AGIR
MG;7;DEPUTADO ESTADUAL;130002551498;36031;RONEY MARIACHI;AGIR
MG;7;DEPUTADO ESTADUAL;130002543640;40888;CLAUDINHA ONG;PSB
MG;7;DEPUTADO ESTADUAL;130002543654;40111;HEVILA CORREA;PSB
MG;7;DEPUTADO ESTADUAL;130002543660;40963;VAGUIN MOTO TAXI;PSB
MG;7;DEPUTADO ESTADUAL;130002543645;40369;RIK BRASIL;PSB
MG;7;DEPUTADO ESTADUAL;130002543631;40999;ALEX MAGALHAES;PSB
MG;7;DEPUTADO ESTADUAL;130002543638;40669;ELLIAS MONTEIRO;PSB
MG;7;DEPUTADO ESTADUAL;130002543651;40100;JOSAFA ANDERSON;PSB
MG;7;DEPUTADO ESTADUAL;130002543674;40133;LENDER BATISTA;PSB
MG;7;DEPUTADO ESTADUAL;130002543667;40885;PROFESSOR BRUNO;PSB
MG;7;DEPUTADO ESTADUAL;130002543657;40040;AMANDA GONDIM;PSB
MG;7;DEPUTADO ESTADUAL;130002534506;30772;CLEITON SANTOS;NOVO
MG;7;DEPUTADO ESTADUAL;130002534550;30777;MUSICO VINYCIUS VI;NOVO
MG;7;DEPUTADO ESTADUAL;130002534545;30303;DANIELA FABIANNE;NOVO
MG;7;DEPUTADO ESTADUAL;130002534526;30175;MARCO AURELIO DE SANTA LUZIA;NOVO
MG;7;DEPUTADO ESTADUAL;130002534569;30230;DR. MAURICIO;NOVO
MG;7;DEPUTADO ESTADUAL;130002534528;30211;THIAGO CORTE;NOVO
MG;7;DEPUTADO ESTADUAL;130002534575;30202;PATRICIA BARBOSA EUGENIO;NOVO
MG;7;DEPUTADO ESTADUAL;130002534543;30222;DOUGLAS CAMPOS;NOVO
MG;7;DEPUTADO ESTADUAL;130002547937;20288;PROFESSORA TIA LUCIA;PODE
MG;7;DEPUTADO ESTADUAL;130002544409;70770;KELINE LIMA;AVANTE
MG;7;DEPUTADO ESTADUAL;130002548750;20241;PASTOR JARED;PODE
MG;7;DEPUTADO ESTADUAL;130002544131;70701;NEILA SCHINEIDER;AVANTE
MG;7;DEPUTADO ESTADUAL;130002552063;70808;MOACIR SOL MOA;AVANTE
MG;7;DEPUTADO ESTADUAL;130002544130;70031;JEFFINHO DA JF TURISMO;AVANTE
MG;7;DEPUTADO ESTADUAL;130002544379;70100;VERDI;AVANTE
MG;7;DEPUTADO ESTADUAL;130002544382;70722;EDWARD (O DOUTOR DA ALEGRIA);AVANTE
MG;7;DEPUTADO ESTADUAL;130002544384;70744;ANDREA GOMES TCHUCA;AVANTE
MG;7;DEPUTADO ESTADUAL;130002548742;20001;JUNINHO DO FREI;PODE
MG;7;DEPUTADO ESTADUAL;130002548701;20888;FACCHERA;PODE
MG;7;DEPUTADO ESTADUAL;130002548722;20110;FAGNER PARA BH;PODE
MG;7;DEPUTADO ESTADUAL;130002544375;70022;WILLIAM FORTALEZA;AVANTE
MG;7;DEPUTADO ESTADUAL;130002544385;70456;EUZEBIO LAGO;AVANTE
MG;7;DEPUTADO ESTADUAL;130002544389;70377;PIMENTINHA;AVANTE
MG;7;DEPUTADO ESTADUAL;130002544387;70122;MARCELO GARDENAL;AVANTE
MG;7;DEPUTADO ESTADUAL;130002544129;70033;BIE;AVANTE
MG;7;DEPUTADO ESTADUAL;130002548746;20220;FERNANDO LINHARES;PODE
MG;7;DEPUTADO ESTADUAL;130002548754;20117;CASTELO BRANCO;PODE
MG;7;DEPUTADO ESTADUAL;130002547939;20007;PROFESSOR MARCAO;PODE
MG;7;DEPUTADO ESTADUAL;130002548717;20123;OSVALDO LOPES;PODE
MG;7;DEPUTADO ESTADUAL;130002554269;20124;PRETAO;PODE
MG;7;DEPUTADO ESTADUAL;130002547938;20234;EMPRESARIO WILLIAM MUSK;PODE
MG;7;DEPUTADO ESTADUAL;130002539927;23333;ANA FLAVIA DRUMOND;CIDADANIA
MG;7;DEPUTADO ESTADUAL;130002540604;45054;DORCAS DA PROTECAO ANIMAL;PSDB
MG;7;DEPUTADO ESTADUAL;130002540598;23123;RODRIGO ARAUJO;CIDADANIA
MG;7;DEPUTADO ESTADUAL;130002552460;33888;ITAMAR SILVA;MOBILIZA
MG;7;DEPUTADO ESTADUAL;130002552435;33753;HUDSON TESURA;MOBILIZA
MG;7;DEPUTADO ESTADUAL;130002552459;33123;VALDIVINO GUIMARAES;MOBILIZA
MG;7;DEPUTADO ESTADUAL;130002552425;33999;GUSTAVO DAMASIO;MOBILIZA
MG;7;DEPUTADO ESTADUAL;130002552452;33110;WAGNER OLIVEIRA;MOBILIZA
MG;7;DEPUTADO ESTADUAL;130002552416;33733;DANIELA ESTEVES;MOBILIZA
MG;7;DEPUTADO ESTADUAL;130002552456;33600;NEIMAR SALVA-VIDAS;MOBILIZA
MG;7;DEPUTADO ESTADUAL;130002552448;33554;TIAOZINHO R SILLVA;MOBILIZA
MG;7;DEPUTADO ESTADUAL;130002552441;33077;PASTORA SHIRLEY;MOBILIZA
MG;7;DEPUTADO ESTADUAL;130002552431;33322;HORTENCIA CONTADORA;MOBILIZA
MG;7;DEPUTADO ESTADUAL;130002552430;33033;JACQUELINE BOMBEIRA;MOBILIZA
MG;7;DEPUTADO ESTADUAL;130002552454;33111;JUNIA DO NAASP;MOBILIZA
MG;7;DEPUTADO ESTADUAL;130002552444;33887;SOLANDIA COELHO;MOBILIZA
MG;4;VICE-GOVERNADOR;130002552309;29;ESTEVAO GOMES;PCO
MG;4;VICE-GOVERNADOR;130002552295;10;FALCAO;REPUBLICANOS
MG;4;VICE-GOVERNADOR;130002550465;13;JARBAS SOARES;PSB
MG;5;SENADOR;130002551265;277;JUIZ RAMON MOREIRA;DC
MG;5;SENADOR;130002551930;161;VICTORIA MELLO VIC;PSTU
MG;5;SENADOR;130002548381;111;MARCELO ARO;PP
MG;10;2º SUPLENTE;130002552185;700;TIAO NARA;AVANTE
MG;3;GOVERNADOR;130002544122;21;PROFESSOR TULIO LOPES;PCB
MG;3;GOVERNADOR;130002549557;15;GABRIEL;MDB
MG;9;1º SUPLENTE;130002553854;123;GIOVANE LELIS;PDT
MG;9;1º SUPLENTE;130002552297;155;PLACIDINO STABILE;MDB
MG;9;1º SUPLENTE;130002552187;700;EDILSON NASCIMENTO;AVANTE
MG;6;DEPUTADO FEDERAL;130002543689;4026;JOAO PEDRO REIS;PSB
MG;6;DEPUTADO FEDERAL;130002543712;4011;SIRLEY CLECIO;PSB
MG;6;DEPUTADO FEDERAL;130002553609;1597;MARIA ELOIZA DIAS;MDB
MG;6;DEPUTADO FEDERAL;130002547914;1599;KATIA MOTA;MDB
MG;6;DEPUTADO FEDERAL;130002547897;1505;SARA EVA;MDB
MG;6;DEPUTADO FEDERAL;130002553605;1570;REGINALDO SANTOS;MDB
MG;6;DEPUTADO FEDERAL;130002547901;1547;WILLIAN BRAGA;MDB
MG;6;DEPUTADO FEDERAL;130002547911;1531;DARLEM LEMOS;MDB
MG;6;DEPUTADO FEDERAL;130002547912;1565;EDER DA TNT;MDB
MG;6;DEPUTADO FEDERAL;130002534457;3030;BRAULIO LARA;NOVO
MG;6;DEPUTADO FEDERAL;130002534472;3040;SAMIRA MACHADO;NOVO
MG;6;DEPUTADO FEDERAL;130002534476;3008;ALEXANDRE DE GODOI;NOVO
MG;6;DEPUTADO FEDERAL;130002534430;3051;ATILA VIEIRA;NOVO
MG;6;DEPUTADO FEDERAL;130002553048;3312;ALEX FONTOURA;MOBILIZA
MG;6;DEPUTADO FEDERAL;130002553051;3337;CLAUDIA LINDA;MOBILIZA
MG;6;DEPUTADO FEDERAL;130002534500;3002;MARIANA RIBEIRO;NOVO
MG;6;DEPUTADO FEDERAL;130002554207;3076;MARCOS PAULO ABREU;NOVO
MG;6;DEPUTADO FEDERAL;130002534477;3028;JHONATA SOUZA;NOVO
MG;6;DEPUTADO FEDERAL;130002534468;3036;TIRZAH;NOVO
MG;6;DEPUTADO FEDERAL;130002534454;3091;FRED BARBEITOS;NOVO
MG;6;DEPUTADO FEDERAL;130002534480;3021;SARVIA PASTOR;NOVO
MG;6;DEPUTADO FEDERAL;130002553026;3399;EDUARDO JACOB;MOBILIZA
MG;6;DEPUTADO FEDERAL;130002545567;5585;ROSE THUCA;PSD
MG;6;DEPUTADO FEDERAL;130002545573;5590;JOAO DO PANDA;PSD
MG;6;DEPUTADO FEDERAL;130002545581;5556;CARLOS MAGNO;PSD
MG;6;DEPUTADO FEDERAL;130002545561;5514;MILO DA DISTRIBUIDORA;PSD
MG;6;DEPUTADO FEDERAL;130002545582;5507;DJALMA BASTOS;PSD
MG;6;DEPUTADO FEDERAL;130002543618;7044;VITAL HONORATO;AVANTE
MG;6;DEPUTADO FEDERAL;130002543608;7033;MARIA VANUZIA;AVANTE
MG;6;DEPUTADO FEDERAL;130002543601;7010;ANDREIA BARROSO;AVANTE
MG;6;DEPUTADO FEDERAL;130002543606;7037;NAIDE SANTOS;AVANTE
MG;6;DEPUTADO FEDERAL;130002533271;7788;ZEZINHO SILVA;SOLIDARIEDADE
MG;6;DEPUTADO FEDERAL;130002533257;7721;CRISTINA MARA;SOLIDARIEDADE
MG;6;DEPUTADO FEDERAL;130002533270;7737;DALMO GAVIAO;SOLIDARIEDADE
MG;6;DEPUTADO FEDERAL;130002533242;7789;IR. MOTTA;SOLIDARIEDADE
MG;6;DEPUTADO FEDERAL;130002538263;1271;THAIANE CAROLINA;PDT
MG;6;DEPUTADO FEDERAL;130002538269;1272;GUI MORAES;PDT
MG;6;DEPUTADO FEDERAL;130002538302;1223;JACKSON SAO TOME DAS LETRAS;PDT
MG;6;DEPUTADO FEDERAL;130002538305;1219;CUSTODIO HIPOLITO-TODYNHO;PDT
MG;6;DEPUTADO FEDERAL;130002538262;1228;RAQUEL PEIXOTO;PDT
MG;6;DEPUTADO FEDERAL;130002538274;1258;MIRO ALVES DO SACOLAO;PDT
MG;6;DEPUTADO FEDERAL;130002542035;2258;GILSON DANIEL;PL
MG;6;DEPUTADO FEDERAL;130002542002;2242;CORONEL EVANDRO;PL
MG;6;DEPUTADO FEDERAL;130002542043;2212;CAPOREZZO;PL
MG;6;DEPUTADO FEDERAL;130002542027;2215;ROSANGELA REIS;PL
MG;6;DEPUTADO FEDERAL;130002542007;2277;EROS BIONDINI;PL
MG;6;DEPUTADO FEDERAL;130002542032;2266;SUELI CAMPOS;PL
MG;6;DEPUTADO FEDERAL;130002539867;4590;BRAULIO MARCOS;PSDB
MG;6;DEPUTADO FEDERAL;130002539876;4502;RUI BARBOSA;PSDB
MG;6;DEPUTADO FEDERAL;130002539863;4540;KELLY KLBAR;PSDB
MG;6;DEPUTADO FEDERAL;130002539849;4555;RODRIGO FERNANDES;PSDB
MG;6;DEPUTADO FEDERAL;130002539846;4515;MARLENE TAVARES;PSDB
MG;6;DEPUTADO FEDERAL;130002539859;4535;DANIEL BARBOSA;PSDB
MG;6;DEPUTADO FEDERAL;130002542034;2275;THIAGO GANEM;PL
MG;6;DEPUTADO FEDERAL;130002542038;2220;ELLEN MIZIARA;PL
MG;6;DEPUTADO FEDERAL;130002548780;2000;IGOR ALVARENGA;PODE
MG;6;DEPUTADO FEDERAL;130002548785;2023;SHEILA SIMAO;PODE
MG;6;DEPUTADO FEDERAL;130002548817;2021;SERGINHO DA BOTA;PODE
MG;6;DEPUTADO FEDERAL;130002548773;2050;SARGENTO DA LUZ;PODE
MG;6;DEPUTADO FEDERAL;130002548823;2066;LENA;PODE
MG;6;DEPUTADO FEDERAL;130002548772;2032;TENENTE NEGREIROS;PODE
MG;6;DEPUTADO FEDERAL;130002548814;2099;JOSE DO CARMO;PODE
MG;6;DEPUTADO FEDERAL;130002535281;6515;TELMA;PCDOB
MG;6;DEPUTADO FEDERAL;130002535275;1327;ALAIR DIMAS;PT
MG;6;DEPUTADO FEDERAL;130002539641;1344;LULA TIO DO BISCOITO;PT
MG;6;DEPUTADO FEDERAL;130002535308;1355;MARILDA SIMEAO;PT
MG;6;DEPUTADO FEDERAL;130002535280;1321;SARGENTO ADEMIR;PT
MG;6;DEPUTADO FEDERAL;130002535291;1388;PROFESSORA IARA PIMENTEL;PT
MG;6;DEPUTADO FEDERAL;130002535304;1311;EDINALDO SOARES;PT
MG;6;DEPUTADO FEDERAL;130002535306;4321;RUY MUNIZ;PV
MG;6;DEPUTADO FEDERAL;130002538970;1830;JOSIANE ALVES DO BETANIA;REDE
MG;6;DEPUTADO FEDERAL;130002538971;1800;IRMAO MARCIO A VOZ DO POVO;REDE
MG;6;DEPUTADO FEDERAL;130002539720;5010;CRIS NUNES;PSOL
MG;6;DEPUTADO FEDERAL;130002539738;1812;DUDA DAS CADEIRAS;REDE
MG;6;DEPUTADO FEDERAL;130002539734;5042;DARIO 4E20;PSOL
MG;6;DEPUTADO FEDERAL;130002539714;5012;PROF. NELSON;PSOL
MG;6;DEPUTADO FEDERAL;130002551261;2710;CLAUDIO CORDEIRO;DC
MG;6;DEPUTADO FEDERAL;130002551257;2727;SANDRA LUIZA;DC
MG;6;DEPUTADO FEDERAL;130002544427;1444;PROFESSOR CRISTIANO;MISSÃO
MG;6;DEPUTADO FEDERAL;130002544433;1402;KEREM HADASSA;MISSÃO
MG;6;DEPUTADO FEDERAL;130002544441;1404;JULIANA MONTRIOS;MISSÃO
MG;6;DEPUTADO FEDERAL;130002542735;4407;CLESLE SIQUEIRA;UNIÃO
MG;6;DEPUTADO FEDERAL;130002542743;1111;DIMAS FABIANO;PP
MG;6;DEPUTADO FEDERAL;130002542717;4484;JOAO BATISTA EXTREMA;UNIÃO
MG;6;DEPUTADO FEDERAL;130002542718;1123;PROFESSORA LUCIANA RAMPI;PP
MG;6;DEPUTADO FEDERAL;130002542710;1125;JULIO CONTADOR;PP
MG;6;DEPUTADO FEDERAL;130002542694;4441;RODRIGO TUDOR;UNIÃO
MG;6;DEPUTADO FEDERAL;130002552316;1025;MARISTELA RODRIGUES GOMES;REPUBLICANOS
MG;6;DEPUTADO FEDERAL;130002537187;1031;JORNALISTA ANDRE ROCHA;REPUBLICANOS
MG;6;DEPUTADO FEDERAL;130002537200;1035;TENENTE MELO;REPUBLICANOS
MG;6;DEPUTADO FEDERAL;130002537210;1030;E ELE EDIMILSON LIMA;REPUBLICANOS
MG;6;DEPUTADO FEDERAL;130002537225;1007;JUNINHO SINONO;REPUBLICANOS
MG;7;DEPUTADO ESTADUAL;130002535366;13888;SOCORRO MORAES;PT
MG;7;DEPUTADO ESTADUAL;130002535384;43555;DAMIRES RINARLLY;PV
MG;7;DEPUTADO ESTADUAL;130002535353;13018;HILTON FILHO;PT
MG;7;DEPUTADO ESTADUAL;130002535370;65112;CELINHO SINTROCEL;PCDOB
MG;7;DEPUTADO ESTADUAL;130002535385;43444;PEDRO SOUSA;PV
MG;7;DEPUTADO ESTADUAL;130002535362;13125;LUIZINHO;PT
MG;7;DEPUTADO ESTADUAL;130002535322;13300;MARIA DO CARMO;PT
MG;7;DEPUTADO ESTADUAL;130002535324;13777;JOICE ALVARENGA;PT
MG;7;DEPUTADO ESTADUAL;130002535383;43500;KELL SILVA;PV
MG;7;DEPUTADO ESTADUAL;130002535333;13813;GUIMA JARDIM;PT
MG;7;DEPUTADO ESTADUAL;130002533525;35456;FRANKLIN ACACIO;DEMOCRATA
MG;7;DEPUTADO ESTADUAL;130002533497;35459;BEL DO MERCADO;DEMOCRATA
MG;7;DEPUTADO ESTADUAL;130002552315;29029;TULIO CESAR;PCO
MG;7;DEPUTADO ESTADUAL;130002533507;35500;INVESTIGADOR  WEMERSON;DEMOCRATA
MG;7;DEPUTADO ESTADUAL;130002533531;35192;KEILA LIMA;DEMOCRATA
MG;7;DEPUTADO ESTADUAL;130002539907;10500;PROFESSOR GLEITON;REPUBLICANOS
MG;7;DEPUTADO ESTADUAL;130002539908;10888;CABO ROMINHO;REPUBLICANOS
MG;7;DEPUTADO ESTADUAL;130002547450;16016;ALICE;PSTU
MG;7;DEPUTADO ESTADUAL;130002547448;16123;GUSTAVO OLIMPIO;PSTU
MG;7;DEPUTADO ESTADUAL;130002539506;50369;MAGNO FRANCO PAYACAN;PSOL
MG;7;DEPUTADO ESTADUAL;130002539527;50350;PROFESSOR JANAEL SARGENTO;PSOL
MG;7;DEPUTADO ESTADUAL;130002539495;50500;CAROL CALDEIRA;PSOL
MG;7;DEPUTADO ESTADUAL;130002539497;18245;RODOLPHO DO HOSPITAL;REDE
MG;7;DEPUTADO ESTADUAL;130002539509;18365;VINICIUS VIEIRA;REDE
MG;7;DEPUTADO ESTADUAL;130002542060;22123;ANTONIO CARLOS ARANTES;PL
MG;7;DEPUTADO ESTADUAL;130002542075;22066;LIDIANE DANTAS;PL
MG;7;DEPUTADO ESTADUAL;130002542078;22007;TCHE-TCHE;PL
MG;7;DEPUTADO ESTADUAL;130002542097;22212;OMARA PAOLINELLI;PL
MG;7;DEPUTADO ESTADUAL;130002542066;22722;MARCELO HEITOR;PL
MG;7;DEPUTADO ESTADUAL;130002542053;22231;MADU MULLER;PL
MG;7;DEPUTADO ESTADUAL;130002542094;22888;UGLENO ALVES;PL
MG;7;DEPUTADO ESTADUAL;130002542047;22800;GUSTAVO SANTANA;PL
MG;7;DEPUTADO ESTADUAL;130002542092;22350;VALDECI - MULT LAT;PL
MG;7;DEPUTADO ESTADUAL;130002542110;22100;DELEGADA SHEILA;PL
MG;7;DEPUTADO ESTADUAL;130002540015;12001;HARLEY TREVO DE MOEDA;PDT
MG;7;DEPUTADO ESTADUAL;130002540021;12633;JORGE MAQUINAS;PDT
MG;7;DEPUTADO ESTADUAL;130002540052;12123;NATAN OLIVEIRA;PDT
MG;7;DEPUTADO ESTADUAL;130002540016;12999;LAINNIO SOARES;PDT
MG;7;DEPUTADO ESTADUAL;130002540041;12058;ALVAMIRO ALVES - BRANCO;PDT
MG;7;DEPUTADO ESTADUAL;130002540007;12412;CAMILLO CARVALHO;PDT
MG;7;DEPUTADO ESTADUAL;130002540022;12050;THAIS XAVIER;PDT
MG;7;DEPUTADO ESTADUAL;130002540039;12033;LUCIANA CAETANO;PDT
MG;7;DEPUTADO ESTADUAL;130002540030;12008;DARLON DE ALMEIDA;PDT
MG;7;DEPUTADO ESTADUAL;130002544412;14000;LUANA SILVA;MISSÃO
MG;7;DEPUTADO ESTADUAL;130002544418;14014;RAFAELA CUPERTINO;MISSÃO
MG;7;DEPUTADO ESTADUAL;130002549941;55855;VERA ARAUJO;PSD
MG;7;DEPUTADO ESTADUAL;130002549944;55900;HELTON JUNIOR;PSD
MG;7;DEPUTADO ESTADUAL;130002542805;11110;MAHAMAT NASER;PP
MG;7;DEPUTADO ESTADUAL;130002542789;11022;ALICE  DRUMMOND;PP
MG;7;DEPUTADO ESTADUAL;130002542765;11777;CORONEL WANDERLEY;PP
MG;7;DEPUTADO ESTADUAL;130002542804;44500;GREGO DA FUNDACAO;UNIÃO
MG;7;DEPUTADO ESTADUAL;130002542817;44444;ARNALDO;UNIÃO
MG;7;DEPUTADO ESTADUAL;130002542777;11234;FAUSTAO;PP
MG;7;DEPUTADO ESTADUAL;130002542749;44234;MARIZA ANDRADE;UNIÃO
MG;7;DEPUTADO ESTADUAL;130002542750;44700;PATY DO CHEVETTE;UNIÃO
MG;7;DEPUTADO ESTADUAL;130002550128;15147;BISPO RENATO;MDB
MG;7;DEPUTADO ESTADUAL;130002542759;11555;IGOR ARAUJO O SOCIAL;PP
MG;7;DEPUTADO ESTADUAL;130002550126;15060;ROSANA HENRIQUE;MDB
MG;7;DEPUTADO ESTADUAL;130002550132;15051;DIOGO SANTOS;MDB
MG;7;DEPUTADO ESTADUAL;130002553629;15093;PROFESSOR MARIO;MDB
MG;7;DEPUTADO ESTADUAL;130002550144;15789;SALVADOR DO COCAIS;MDB
MG;7;DEPUTADO ESTADUAL;130002542775;11999;MARIA HILDA LEAO;PP
MG;7;DEPUTADO ESTADUAL;130002550163;15678;DRA MARTHA;MDB
MG;7;DEPUTADO ESTADUAL;130002550156;15000;WILLIAN CAMPOS;MDB
MG;7;DEPUTADO ESTADUAL;130002550120;15077;JOE MONTANDON;MDB
MG;7;DEPUTADO ESTADUAL;130002550159;15200;FLAVINHO DE LIMA E SILVA;MDB
MG;7;DEPUTADO ESTADUAL;130002550139;15001;FATIMA PEGO;MDB
MG;7;DEPUTADO ESTADUAL;130002532940;25255;DUDA LIMA;PRD
MG;7;DEPUTADO ESTADUAL;130002533222;25193;ANDRE POLICIAL LOPES MAIA;PRD
MG;7;DEPUTADO ESTADUAL;130002532920;77070;FILIPE RIBEIRO;SOLIDARIEDADE
MG;7;DEPUTADO ESTADUAL;130002532926;25108;ROSE CARVALHO;PRD
MG;7;DEPUTADO ESTADUAL;130002533224;77450;FLAV;SOLIDARIEDADE
MG;7;DEPUTADO ESTADUAL;130002533217;25888;CAROL FARIA;PRD
MG;7;DEPUTADO ESTADUAL;130002532929;25700;SARA COSTA;PRD
MG;7;DEPUTADO ESTADUAL;130002550177;77333;NIVALDO DAS CANOAS;SOLIDARIEDADE
MG;7;DEPUTADO ESTADUAL;130002551772;36444;MARCELO LICURI;AGIR
MG;7;DEPUTADO ESTADUAL;130002551769;36038;JOVELINO PASTOR;AGIR
MG;7;DEPUTADO ESTADUAL;130002551758;36722;INSTRUTOR BRITO BARUCH;AGIR
MG;7;DEPUTADO ESTADUAL;130002552310;36727;ESTER PEREIRA;AGIR
MG;7;DEPUTADO ESTADUAL;130002551745;36500;PEDRO BETINENSE;AGIR
MG;7;DEPUTADO ESTADUAL;130002551741;36007;EDER DIAS (PRETO);AGIR
MG;7;DEPUTADO ESTADUAL;130002551747;36300;MARLY NERI;AGIR
MG;7;DEPUTADO ESTADUAL;130002551764;36036;MARCELO HONORATO;AGIR
MG;7;DEPUTADO ESTADUAL;130002543652;40190;CORONEL LAZARO;PSB
MG;7;DEPUTADO ESTADUAL;130002543669;40222;DR. ZE CHEREM;PSB
MG;7;DEPUTADO ESTADUAL;130002543643;40180;GIULIA SILVESTRE;PSB
MG;7;DEPUTADO ESTADUAL;130002543664;40123;NORALDINO JUNIOR;PSB
MG;7;DEPUTADO ESTADUAL;130002543649;40103;ANINHA MENEZES;PSB
MG;7;DEPUTADO ESTADUAL;130002543661;40000;MARGONARI;PSB
MG;7;DEPUTADO ESTADUAL;130002543639;40321;GABRIELA LESSA;PSB
MG;7;DEPUTADO ESTADUAL;130002543634;40007;MARCOLA;PSB
MG;7;DEPUTADO ESTADUAL;130002543675;40666;VILMONDES FAGUNDES;PSB
MG;7;DEPUTADO ESTADUAL;130002543677;40220;CARLLOS BRUNO ALVES;PSB
MG;7;DEPUTADO ESTADUAL;130002534572;30002;TIMBUCA DA TOURADA;NOVO
MG;7;DEPUTADO ESTADUAL;130002534518;30400;MARCELA TROPIA;NOVO
MG;7;DEPUTADO ESTADUAL;130002538360;30033;ALEX DA FARMACIA;NOVO
MG;7;DEPUTADO ESTADUAL;130002534555;30444;DRA. CARLA FELIPE;NOVO
MG;7;DEPUTADO ESTADUAL;130002548714;20627;WILLIAM DO MANTIQUEIRA;PODE
MG;7;DEPUTADO ESTADUAL;130002548703;20193;LAURIANE;PODE
MG;7;DEPUTADO ESTADUAL;130002548729;20026;DRA.PATRICIA TOBIAS;PODE
MG;7;DEPUTADO ESTADUAL;130002548771;20222;CARLOS PIOLI;PODE
MG;7;DEPUTADO ESTADUAL;130002548713;20088;MARQUEZINI;PODE
MG;7;DEPUTADO ESTADUAL;130002551563;70120;MEIRE BORGES;AVANTE
MG;7;DEPUTADO ESTADUAL;130002548719;20600;JOSE FERREIRA PROJETO AJUDAI;PODE
MG;7;DEPUTADO ESTADUAL;130002548748;20324;ROBERTA BOTELHO;PODE
MG;7;DEPUTADO ESTADUAL;130002548730;20789;PROFESSOR JULIANO LOPES;PODE
MG;7;DEPUTADO ESTADUAL;130002549692;70400;SERJAO PALITO;AVANTE
MG;7;DEPUTADO ESTADUAL;130002544126;70707;SHEYK FERNANDO CARIM;AVANTE
MG;7;DEPUTADO ESTADUAL;130002544383;70170;IGOR PATATI;AVANTE
MG;7;DEPUTADO ESTADUAL;130002548736;20038;CABO BORGES;PODE
MG;7;DEPUTADO ESTADUAL;130002548747;20111;DRA. FERNANDA GONCALVES;PODE
MG;7;DEPUTADO ESTADUAL;130002548767;20177;NIVALDO RIBEIRO;PODE
MG;7;DEPUTADO ESTADUAL;130002548702;20105;ANDREA VARELLA - DEINHA;PODE
MG;7;DEPUTADO ESTADUAL;130002548749;20113;JAIR CAMINHONEIRO;PODE
MG;7;DEPUTADO ESTADUAL;130002551516;70780;EDSON VILELA;AVANTE
MG;7;DEPUTADO ESTADUAL;130002544407;70345;ROSELI HEIDERICK;AVANTE
MG;7;DEPUTADO ESTADUAL;130002552143;70003;DUDA DA ENFERMAGEM;AVANTE
MG;7;DEPUTADO ESTADUAL;130002548752;20022;DRA REGINA CIOFFI;PODE
MG;7;DEPUTADO ESTADUAL;130002547936;20987;DR. CESAR GRAZZIA;PODE
MG;7;DEPUTADO ESTADUAL;130002548751;20818;SILVANIA GUTZ;PODE
MG;7;DEPUTADO ESTADUAL;130002540603;45999;LEONIDIO BOUCAS;PSDB
MG;7;DEPUTADO ESTADUAL;130002539914;45456;LUIGI;PSDB
MG;7;DEPUTADO ESTADUAL;130002540601;45223;JOSIELY BRANDAO;PSDB
MG;7;DEPUTADO ESTADUAL;130002539915;45015;FABIANA MACHADO;PSDB
MG;7;DEPUTADO ESTADUAL;130002540608;45177;SOCORRO DA ENFERMAGEM;PSDB
MG;7;DEPUTADO ESTADUAL;130002540611;45666;PROFESSORA ROSY SOARES;PSDB
MG;7;DEPUTADO ESTADUAL;130002540610;45617;IGOR DIAS;PSDB
MG;7;DEPUTADO ESTADUAL;130002552421;33690;ELIEDI;MOBILIZA
MG;7;DEPUTADO ESTADUAL;130002552409;33093;CARMEN LUCIA;MOBILIZA
MG;7;DEPUTADO ESTADUAL;130002552443;33007;MARCELO MARQUES;MOBILIZA
MG;7;DEPUTADO ESTADUAL;130002552451;33763;RAQUEL DA OTICA;MOBILIZA
MG;7;DEPUTADO ESTADUAL;130002552426;33030;INES CARVALHO;MOBILIZA
MG;4;VICE-GOVERNADOR;130002541912;55;DANILO DE CASTRO;UNIÃO
MG;4;VICE-GOVERNADOR;130002550835;22;ELLEN MIZIARA;PL
MG;5;SENADOR;130002545590;555;CARLOS VIANA;PSD
MG;10;2º SUPLENTE;130002551286;300;BRUNO LOPES;NOVO
MG;10;2º SUPLENTE;130002548380;111;TILELEO;PP
MG;3;GOVERNADOR;130002541911;55;MATEUS SIMOES;PSD
MG;3;GOVERNADOR;130002546802;16;RAFAEL DUDA;PSTU
MG;9;1º SUPLENTE;130002551285;300;DIEGO MOREIRA;NOVO
MG;9;1º SUPLENTE;130002552312;290;DALILA DE ALMEIDA;PCO
MG;9;1º SUPLENTE;130002550559;500;RAQUELL GUIMARAES;REDE
MG;6;DEPUTADO FEDERAL;130002543698;4066;NONO CARVALHO;PSB
MG;6;DEPUTADO FEDERAL;130002543710;4012;KATIA DIAS;PSB
MG;6;DEPUTADO FEDERAL;130002543693;4045;GABRIEL COSTA;PSB
MG;6;DEPUTADO FEDERAL;130002547900;1514;NATHI TREINADORA;MDB
MG;6;DEPUTADO FEDERAL;130002553608;1526;RODRIGO ALVES;MDB
MG;6;DEPUTADO FEDERAL;130002547925;1523;GILSON AMORIM;MDB
MG;6;DEPUTADO FEDERAL;130002547894;1542;FABIO RODRIGUES;MDB
MG;6;DEPUTADO FEDERAL;130002547889;1587;LUIZA SUMINAMI;MDB
MG;6;DEPUTADO FEDERAL;130002547899;1517;FLAVIA MAITRI;MDB
MG;6;DEPUTADO FEDERAL;130002547902;1589;VANDO PERES;MDB
MG;6;DEPUTADO FEDERAL;130002547896;1510;NEWTON CARDOSO JR;MDB
MG;6;DEPUTADO FEDERAL;130002547895;1533;JEFFAO;MDB
MG;6;DEPUTADO FEDERAL;130002547887;1588;PROFFESSORA ADRIANA;MDB
MG;6;DEPUTADO FEDERAL;130002553607;1519;LUCIANA CARVALHO;MDB
MG;6;DEPUTADO FEDERAL;130002547904;1501;ARNALDO GONTIJO;MDB
MG;6;DEPUTADO FEDERAL;130002534479;3022;MARCUS SOARES;NOVO
MG;6;DEPUTADO FEDERAL;130002534473;3038;EDUARDO SENNA;NOVO
MG;6;DEPUTADO FEDERAL;130002534462;3053;ROMULO BULDRINI FILOGONIO;NOVO
MG;6;DEPUTADO FEDERAL;130002553052;3370;JOEL DO BARATAO;MOBILIZA
MG;6;DEPUTADO FEDERAL;130002553043;3333;ROMILSON MOTO PISTA;MOBILIZA
MG;6;DEPUTADO FEDERAL;130002553030;3320;JOAQUIM COELHO;MOBILIZA
MG;6;DEPUTADO FEDERAL;130002553042;3351;ROSANGELA SANGUINETE;MOBILIZA
MG;6;DEPUTADO FEDERAL;130002534486;3034;JOSE SHAKSPEARE GOMES;NOVO
MG;6;DEPUTADO FEDERAL;130002534474;3020;MARIO JUNIOR;NOVO
MG;6;DEPUTADO FEDERAL;130002545588;5540;SERGIO MENDES;PSD
MG;6;DEPUTADO FEDERAL;130002545576;5500;MAURICINHO DE SA;PSD
MG;6;DEPUTADO FEDERAL;130002545563;5580;JULIANA CASANOVA CAUSA ANIMAL;PSD
MG;6;DEPUTADO FEDERAL;130002543617;7089;NEUZA MAPA;AVANTE
MG;6;DEPUTADO FEDERAL;130002551457;7007;KAIO BAHIA;AVANTE
MG;6;DEPUTADO FEDERAL;130002543599;7060;WAGUIN 244;AVANTE
MG;6;DEPUTADO FEDERAL;130002543611;7017;FABIO PASSOS;AVANTE
MG;6;DEPUTADO FEDERAL;130002543106;7056;CAROL GILBERTI;AVANTE
MG;6;DEPUTADO FEDERAL;130002543594;7019;MANU BIM;AVANTE
MG;6;DEPUTADO FEDERAL;130002543598;7030;LINDOMAR GOMES;AVANTE
MG;6;DEPUTADO FEDERAL;130002551906;7004;ANDREIA RIBEIRO;AVANTE
MG;6;DEPUTADO FEDERAL;130002533273;2576;REGIANE JUBRIJO;PRD
MG;6;DEPUTADO FEDERAL;130002533245;2531;ERIVELTON SONHO DE RUA;PRD
MG;6;DEPUTADO FEDERAL;130002533255;2512;RONCALI DA FARMACIA;PRD
MG;6;DEPUTADO FEDERAL;130002533240;2533;FRED COSTA;PRD
MG;6;DEPUTADO FEDERAL;130002533265;2535;ALEXANDRE AUGUSTO;PRD
MG;6;DEPUTADO FEDERAL;130002550174;7799;CHARLES DRUMOND;SOLIDARIEDADE
MG;6;DEPUTADO FEDERAL;130002533249;2504;LUANZIM CABELUDO;PRD
MG;6;DEPUTADO FEDERAL;130002536472;7713;DINO;SOLIDARIEDADE
MG;6;DEPUTADO FEDERAL;130002550171;7713;TONY JOSSONE;SOLIDARIEDADE
MG;6;DEPUTADO FEDERAL;130002533247;2521;DRA. MICHELLY SIQUEIRA;PRD
MG;6;DEPUTADO FEDERAL;130002538303;1240;PROFESSOR HILTON SARAIVA;PDT
MG;6;DEPUTADO FEDERAL;130002538288;1210;PSICOLOGA EDNA SANTOS;PDT
MG;6;DEPUTADO FEDERAL;130002538293;1213;NEI CHICARELI;PDT
MG;6;DEPUTADO FEDERAL;130002538271;1216;AUREO DUARTE;PDT
MG;6;DEPUTADO FEDERAL;130002538257;1222;BRUNO GATTI;PDT
MG;6;DEPUTADO FEDERAL;130002538276;1299;SHREK;PDT
MG;6;DEPUTADO FEDERAL;130002538265;1204;ESTER KELLY;PDT
MG;6;DEPUTADO FEDERAL;130002541998;2245;SARGENTO MELLO-CASAL;PL
MG;6;DEPUTADO FEDERAL;130002542025;2216;VITOR PENIDO;PL
MG;6;DEPUTADO FEDERAL;130002542022;2219;SUBTENETE GONZAGA;PL
MG;6;DEPUTADO FEDERAL;130002539845;4503;PRISCILA MICHELLE;PSDB
MG;6;DEPUTADO FEDERAL;130002539850;4554;PEDRINHO DA MATA;PSDB
MG;6;DEPUTADO FEDERAL;130002542008;2299;JUNIO AMARAL;PL
MG;6;DEPUTADO FEDERAL;130002539864;4589;ANA COSTA;PSDB
MG;6;DEPUTADO FEDERAL;130002539851;4501;GLORIA DA APOSENTADORIA;PSDB
MG;6;DEPUTADO FEDERAL;130002542033;2269;DELEGADO EDSON MOREIRA;PL
MG;6;DEPUTADO FEDERAL;130002539856;2323;KATHLEEN REIS;CIDADANIA
MG;6;DEPUTADO FEDERAL;130002548822;2001;DR. CARLOS SAMPAIO;PODE
MG;6;DEPUTADO FEDERAL;130002548778;2048;DENISE OLIVEIRA;PODE
MG;6;DEPUTADO FEDERAL;130002548805;2040;BETO GUIMARAES;PODE
MG;6;DEPUTADO FEDERAL;130002548793;2027;CIDA BH;PODE
MG;6;DEPUTADO FEDERAL;130002548824;2036;SIDNEY REIS;PODE
MG;6;DEPUTADO FEDERAL;130002548782;2033;IGOR NOGUEIRA;PODE
MG;6;DEPUTADO FEDERAL;130002548799;2006;CARVALHO DO POVO;PODE
MG;6;DEPUTADO FEDERAL;130002548789;2044;EDY RODRIGUES;PODE
MG;6;DEPUTADO FEDERAL;130002548813;2060;FANNY MELO;PODE
MG;6;DEPUTADO FEDERAL;130002548800;2069;CIRES MELO;PODE
MG;6;DEPUTADO FEDERAL;130002535298;4340;TALES BANDEIRA;PV
MG;6;DEPUTADO FEDERAL;130002535284;1310;ADRIANA ARAUJO;PT
MG;6;DEPUTADO FEDERAL;130002535319;4350;LOHANNA;PV
MG;6;DEPUTADO FEDERAL;130002538966;1820;LUCIANA LANA;REDE
MG;6;DEPUTADO FEDERAL;130002539715;1813;ANDRE JANONES;REDE
MG;6;DEPUTADO FEDERAL;130002538965;5077;PASTORA PATRICIA;PSOL
MG;6;DEPUTADO FEDERAL;130002538969;1855;CASA GRANDE;REDE
MG;6;DEPUTADO FEDERAL;130002551260;2770;RICARDO TOCHA;DC
MG;6;DEPUTADO FEDERAL;130002544439;1420;HIGOR BUIATTI;MISSÃO
MG;6;DEPUTADO FEDERAL;130002542723;4440;DELEGADA LIA VALECHI;UNIÃO
MG;6;DEPUTADO FEDERAL;130002542705;4412;AMANDA PAIXAO;UNIÃO
MG;6;DEPUTADO FEDERAL;130002542742;4400;LUIZ FERNANDO;UNIÃO
MG;6;DEPUTADO FEDERAL;130002542696;4488;JERUSA DRUMMOND;UNIÃO
MG;6;DEPUTADO FEDERAL;130002542692;4447;BIANCA LEAO;UNIÃO
MG;6;DEPUTADO FEDERAL;130002542699;4410;TINELAO;UNIÃO
MG;6;DEPUTADO FEDERAL;130002542719;1127;MARESSA TABORDA;PP
MG;6;DEPUTADO FEDERAL;130002542706;1177;ADAO NUNES;PP
MG;6;DEPUTADO FEDERAL;130002542704;4431;PROFESSORA MARIENE;UNIÃO
MG;6;DEPUTADO FEDERAL;130002537190;1028;IRAN BARBOSA;REPUBLICANOS
MG;6;DEPUTADO FEDERAL;130002537194;1004;ANA LUCIA;REPUBLICANOS
MG;6;DEPUTADO FEDERAL;130002537224;1089;EDUARDO CUNHA;REPUBLICANOS
MG;6;DEPUTADO FEDERAL;130002537211;1044;ROBERTINHO SOARES;REPUBLICANOS
MG;6;DEPUTADO FEDERAL;130002537181;1018;DULCE MONTE;REPUBLICANOS
MG;6;DEPUTADO FEDERAL;130002537202;1077;BRUNO FARIAS;REPUBLICANOS
MG;6;DEPUTADO FEDERAL;130002537182;1027;JOICE QUIRINO;REPUBLICANOS
MG;6;DEPUTADO FEDERAL;130002537191;1033;MISSIONARIA FERNANDA SOARES;REPUBLICANOS
MG;7;DEPUTADO ESTADUAL;130002535361;13450;MAGNO;PT
MG;7;DEPUTADO ESTADUAL;130002535356;13321;DR. BRUNO PEDRALVA;PT
MG;7;DEPUTADO ESTADUAL;130002535329;13130;MACAE EVARISTO;PT
MG;7;DEPUTADO ESTADUAL;130002535354;13333;PROFESSOR BATISTA CEBOLA;PT
MG;7;DEPUTADO ESTADUAL;130002535321;13444;ANA PAULA SIQUEIRA;PT
MG;7;DEPUTADO ESTADUAL;130002535345;13035;PC VERISSIMO;PT
MG;7;DEPUTADO ESTADUAL;130002535323;13567;MARIA ALVES;PT
MG;7;DEPUTADO ESTADUAL;130002535375;13131;MC ENTAO TA VIEIRA;PT
MG;7;DEPUTADO ESTADUAL;130002535334;13579;LELECO PIMENTEL;PT
MG;7;DEPUTADO ESTADUAL;130002535343;65013;ROSANGELA MORENA;PCDOB
MG;7;DEPUTADO ESTADUAL;130002535348;13077;ULYSSES GOMES;PT
MG;7;DEPUTADO ESTADUAL;130002535335;13034;PROFESSOR RONALDO;PT
MG;7;DEPUTADO ESTADUAL;130002535364;43223;ADRIANO DO SILVEIRA;PV
MG;7;DEPUTADO ESTADUAL;130002535336;13666;PROFESSOR TICO;PT
MG;7;DEPUTADO ESTADUAL;130002535326;13134;EDUARDO PEREIRA;PT
MG;7;DEPUTADO ESTADUAL;130002535360;13014;LAIZ PERRUT;PT
MG;7;DEPUTADO ESTADUAL;130002533494;35900;DAIANE SANTOS;DEMOCRATA
MG;7;DEPUTADO ESTADUAL;130002533528;35700;CORONEL GLAUCO;DEMOCRATA
MG;7;DEPUTADO ESTADUAL;130002533516;35351;EUFRASIO DA MAMUXCA;DEMOCRATA
MG;7;DEPUTADO ESTADUAL;130002533505;35668;CAROL  RAMOS;DEMOCRATA
MG;7;DEPUTADO ESTADUAL;130002533515;35350;CIELZINHO;DEMOCRATA
MG;7;DEPUTADO ESTADUAL;130002539879;10111;ALLISSON RUAS;REPUBLICANOS
MG;7;DEPUTADO ESTADUAL;130002539896;10222;ILACIR BICALHO;REPUBLICANOS
MG;7;DEPUTADO ESTADUAL;130002539895;10910;CELIO RUELA;REPUBLICANOS
MG;7;DEPUTADO ESTADUAL;130002539891;10190;MENDONCA;REPUBLICANOS
MG;7;DEPUTADO ESTADUAL;130002539903;10557;DRA. MARIA LAURA SIMAO;REPUBLICANOS
MG;7;DEPUTADO ESTADUAL;130002547449;16000;EDSON NEGAO;PSTU
MG;7;DEPUTADO ESTADUAL;130002539488;18018;PROFESSORA NARA;REDE
MG;7;DEPUTADO ESTADUAL;130002539519;50050;GLEISON PEGO;PSOL
MG;7;DEPUTADO ESTADUAL;130002539511;18283;NATHALIA GODINHO;REDE
MG;7;DEPUTADO ESTADUAL;130002539494;50123;PROFESSORA THAIS;PSOL
MG;7;DEPUTADO ESTADUAL;130002547879;80000;IRIS RAQUEL CONTRA A MINERACAO;UP
MG;7;DEPUTADO ESTADUAL;130002542045;22015;ALE SILVA;PL
MG;7;DEPUTADO ESTADUAL;130002542106;22331;SARGENTO PRADO;PL
MG;7;DEPUTADO ESTADUAL;130002542059;22700;ALEX MOCHILA;PL
MG;7;DEPUTADO ESTADUAL;130002542113;22222;BRUNO ENGLER;PL
MG;7;DEPUTADO ESTADUAL;130002542086;22190;SARGENTO JALYSON;PL
MG;7;DEPUTADO ESTADUAL;130002542048;22822;SAMUEL CAIRES;PL
MG;7;DEPUTADO ESTADUAL;130002542057;22037;THIAGO VERLI;PL
MG;7;DEPUTADO ESTADUAL;130002542064;22580;IVONETE BARROS;PL
MG;7;DEPUTADO ESTADUAL;130002542100;22600;RAFHAEL DE PAULO;PL
MG;7;DEPUTADO ESTADUAL;130002540011;12027;ANYSE ZAYDAN SAB;PDT
MG;7;DEPUTADO ESTADUAL;130002540033;12031;MARCIO JARDINEIRO;PDT
MG;7;DEPUTADO ESTADUAL;130002540055;12023;RODRIGO GALIKEIRO;PDT
MG;7;DEPUTADO ESTADUAL;130002540062;12555;EURIPEDES BARSANULFO-PIM;PDT
MG;7;DEPUTADO ESTADUAL;130002540056;12022;VILMA FIALHO;PDT
MG;7;DEPUTADO ESTADUAL;130002540053;12580;LUCIANO CARDOSO;PDT
MG;7;DEPUTADO ESTADUAL;130002540067;12600;LUIZINHO ABACAXI;PDT
MG;7;DEPUTADO ESTADUAL;130002540063;12040;DENIS  DA VAN;PDT
MG;7;DEPUTADO ESTADUAL;130002540020;12121;VERA LUCIA;PDT
MG;7;DEPUTADO ESTADUAL;130002544422;14087;GUSTAVO CALDEIRA;MISSÃO
MG;7;DEPUTADO ESTADUAL;130002544414;14007;FILIPE SPOLADORI;MISSÃO
MG;7;DEPUTADO ESTADUAL;130002549942;55031;RAFAEL MARTINS;PSD
MG;7;DEPUTADO ESTADUAL;130002549953;55321;EUGENIO VILELA;PSD
MG;7;DEPUTADO ESTADUAL;130002549965;55995;BEATRIZ ANDRADE;PSD
MG;7;DEPUTADO ESTADUAL;130002549960;55210;GIL PEREIRA;PSD
MG;7;DEPUTADO ESTADUAL;130002549958;55055;PACHECO;PSD
MG;7;DEPUTADO ESTADUAL;130002542769;44100;HENRIQUE SCUD;UNIÃO
MG;7;DEPUTADO ESTADUAL;130002542748;11300;DOORGAL ANDRADA;PP
MG;7;DEPUTADO ESTADUAL;130002542781;11678;FERNANDA DAVID;PP
MG;7;DEPUTADO ESTADUAL;130002542796;11193;SARGENTO HAMILTON;PP
MG;7;DEPUTADO ESTADUAL;130002542816;11355;SATIRO OLIVEIRA;PP
MG;7;DEPUTADO ESTADUAL;130002542814;44456;DEYVSON RIBEIRO;UNIÃO
MG;7;DEPUTADO ESTADUAL;130002550154;15202;COSSIMO BALTAZAR FILHO;MDB
MG;7;DEPUTADO ESTADUAL;130002542751;44010;PATRICIA ROCHA;UNIÃO
MG;7;DEPUTADO ESTADUAL;130002542785;11321;EVA GONCALVES;PP
MG;7;DEPUTADO ESTADUAL;130002542784;44303;BEATRIZ LOURENCO;UNIÃO
MG;7;DEPUTADO ESTADUAL;130002542752;44333;KARLA ARAUJO VEM COMIGO;UNIÃO
MG;7;DEPUTADO ESTADUAL;130002550149;15022;ESTEFANIA;MDB
MG;7;DEPUTADO ESTADUAL;130002550140;15015;ENFERMEIRO CONRADO AUGUSTO;MDB
MG;7;DEPUTADO ESTADUAL;130002550147;15120;DR LEONARDO LOPES;MDB
MG;7;DEPUTADO ESTADUAL;130002542768;11456;RAFAEL MOREIRA;PP
MG;7;DEPUTADO ESTADUAL;130002550134;15888;PRETO VICE PREFEITO;MDB
MG;7;DEPUTADO ESTADUAL;130002550121;15110;CAROL DAMASCENO;MDB
MG;7;DEPUTADO ESTADUAL;130002550145;15777;GABY CAMPOS;MDB
MG;7;DEPUTADO ESTADUAL;130002550137;15900;DR GABRIEL LUCAS;MDB
MG;7;DEPUTADO ESTADUAL;130002532943;25789;VANILSON DA RADIO;PRD
MG;7;DEPUTADO ESTADUAL;130002533223;25125;VITOR MELO;PRD
MG;7;DEPUTADO ESTADUAL;130002532916;25190;SARGENTO LEAO;PRD
MG;7;DEPUTADO ESTADUAL;130002532919;25987;EDUARDO DO POVO;PRD
MG;7;DEPUTADO ESTADUAL;130002554206;77888;JENNIFER KELLY;SOLIDARIEDADE
MG;7;DEPUTADO ESTADUAL;130002532931;25050;ADVOGADO ROMULO BRASIL;PRD
MG;7;DEPUTADO ESTADUAL;130002533215;25500;ANDRADE;PRD
MG;7;DEPUTADO ESTADUAL;130002532935;25221;LILIAN OLIVEIRA;PRD
MG;7;DEPUTADO ESTADUAL;130002533226;77000;DR ANDERSON COELHO;SOLIDARIEDADE
MG;7;DEPUTADO ESTADUAL;130002533219;25400;ANTONIO ADONIS;PRD
MG;7;DEPUTADO ESTADUAL;130002532917;25005;ANDREIA NESTOR;PRD
MG;7;DEPUTADO ESTADUAL;130002551748;36000;LUCAS COELHO;AGIR
MG;7;DEPUTADO ESTADUAL;130002551497;36236;MARCELO GRILLO;AGIR
MG;7;DEPUTADO ESTADUAL;130002551750;36963;EDVANIA SOUZA;AGIR
MG;7;DEPUTADO ESTADUAL;130002551767;36789;GERALDINHO PORTO;AGIR
MG;7;DEPUTADO ESTADUAL;130002551746;36670;LINDOMAR LISANDRO;AGIR
MG;7;DEPUTADO ESTADUAL;130002551776;36741;ALINE VIANA (TIA ALINE);AGIR
MG;7;DEPUTADO ESTADUAL;130002551775;36852;PAULA MARQUES;AGIR
MG;7;DEPUTADO ESTADUAL;130002551765;36700;DOUGLAS GUIMARAES;AGIR
MG;7;DEPUTADO ESTADUAL;130002543663;40427;CARLINHA;PSB
MG;7;DEPUTADO ESTADUAL;130002543632;40134;ROQUE ROMARINHO;PSB
MG;7;DEPUTADO ESTADUAL;130002543681;40035;JOHNES HEBERT;PSB
MG;7;DEPUTADO ESTADUAL;130002543672;40505;DRA ADRIADNA;PSB
MG;7;DEPUTADO ESTADUAL;130002543662;40789;DR. EFIGENIO;PSB
MG;7;DEPUTADO ESTADUAL;130002543656;40034;NEGODE;PSB
MG;7;DEPUTADO ESTADUAL;130002543650;40200;LUIZ PAULO;PSB
MG;7;DEPUTADO ESTADUAL;130002534541;30430;PRETINHO PESCADOR;NOVO
MG;7;DEPUTADO ESTADUAL;130002534512;30312;MARILIA FERRARI;NOVO
MG;7;DEPUTADO ESTADUAL;130002534533;30022;STEFANNI FERREIRA;NOVO
MG;7;DEPUTADO ESTADUAL;130002548705;20023;TELRRY DA RECICLAGEM;PODE
MG;7;DEPUTADO ESTADUAL;130002544127;70123;CAROL CARAM;AVANTE
MG;7;DEPUTADO ESTADUAL;130002548711;20505;ANGELA CRISTINA;PODE
MG;7;DEPUTADO ESTADUAL;130002544378;70777;LINDALVA LAMOIA;AVANTE
MG;7;DEPUTADO ESTADUAL;130002548770;20777;ADRIANO MAXIMIANO;PODE
MG;7;DEPUTADO ESTADUAL;130002548707;20520;ROBINHO CARVALHO;PODE
MG;7;DEPUTADO ESTADUAL;130002544400;70888;FABRICIO ANDRADE;AVANTE
MG;7;DEPUTADO ESTADUAL;130002544377;70335;MAGUINHA DO ACOLHER;AVANTE
MG;7;DEPUTADO ESTADUAL;130002544402;70126;LURDINHA DA ENFERMAGEM;AVANTE
MG;7;DEPUTADO ESTADUAL;130002548757;20192;ADAO CAETANO;PODE
MG;7;DEPUTADO ESTADUAL;130002548766;20909;FLAVIO NETO;PODE
MG;7;DEPUTADO ESTADUAL;130002547935;20151;JOSELIO (GU DA MOTOKA);PODE
MG;7;DEPUTADO ESTADUAL;130002540600;45340;SORAYA ALVES;PSDB
MG;7;DEPUTADO ESTADUAL;130002539925;45900;SILVANA LACERDA;PSDB
MG;7;DEPUTADO ESTADUAL;130002539920;45650;AUREA LOPES;PSDB
MG;7;DEPUTADO ESTADUAL;130002539930;45100;CIDA BATERIAS;PSDB
MG;7;DEPUTADO ESTADUAL;130002539912;23456;MARIA;CIDADANIA
MG;7;DEPUTADO ESTADUAL;130002540609;45500;HELENO DO HOSPITAL;PSDB
MG;7;DEPUTADO ESTADUAL;130002539923;45127;NATHALIA FAUSTINA;PSDB
MG;7;DEPUTADO ESTADUAL;130002540594;45120;DR. HELY;PSDB
MG;7;DEPUTADO ESTADUAL;130002539917;45333;DORIVAL ALVES;PSDB
MG;7;DEPUTADO ESTADUAL;130002552424;33700;GLEICE KELLY;MOBILIZA
MG;7;DEPUTADO ESTADUAL;130002552434;33500;MARCIO BARBOSA;MOBILIZA
MG;7;DEPUTADO ESTADUAL;130002552447;33325;ROVILSON PIMENTEL;MOBILIZA
MG;4;VICE-GOVERNADOR;130002539774;12;CARLOS MOSCONI;PSDB
MG;5;SENADOR;130002551284;300;MARCO ANTONIO SUPERMAN;NOVO
MG;5;SENADOR;130002552302;155;ARCANJO PIMENTA;MDB
MG;10;2º SUPLENTE;130002551785;222;PABLO GONTIJO;PL
MG;9;1º SUPLENTE;130002552301;150;KELVIN FARIA;MDB
MG;9;1º SUPLENTE;130002548382;111;PROFESSORA MARLI;PP
BR;1;PRESIDENTE;280002548139;35;VETERINARIO WILSON GRASSI;DEMOCRATA
BR;2;VICE-PRESIDENTE;280002553883;28;LEONARDO AVALANCHE;PRTB
BR;1;PRESIDENTE;280002551932;55;RONALDO CAIADO;PSD
BR;2;VICE-PRESIDENTE;280002548140;35;SUED HAIDAR;DEMOCRATA
BR;1;PRESIDENTE;280002542548;13;LULA;PT
BR;2;VICE-PRESIDENTE;280002541458;16;VANESSA PORTUGAL;PSTU
BR;2;VICE-PRESIDENTE;280002538812;80;RAQUEL BRICIO;UP
BR;1;PRESIDENTE;280002552484;27;CLARIANA BARAO;DC
BR;1;PRESIDENTE;280002541457;16;HERTZ DIAS;PSTU
BR;1;PRESIDENTE;280002540694;14;RENAN SANTOS;MISSÃO
BR;1;PRESIDENTE;280002553884;28;PABLO MARCAL;PRTB
BR;1;PRESIDENTE;280002538811;80;SAMARA;UP
BR;1;PRESIDENTE;280002551544;22;FLAVIO BOLSONARO;PL
BR;2;VICE-PRESIDENTE;280002552485;27;FABIANA TORQUATO;DC
BR;1;PRESIDENTE;280002552487;29;RUI COSTA PIMENTA;PCO
BR;1;PRESIDENTE;280002551975;21;EDMILSON COSTA;PCB
BR;2;VICE-PRESIDENTE;280002551546;70;JULIO DELGADO;AVANTE
BR;2;VICE-PRESIDENTE;280002552486;29;ANTONIO CARLOS;PCO
BR;2;VICE-PRESIDENTE;280002551976;21;CLEUSA SANTOS;PCB
BR;1;PRESIDENTE;280002551547;70;ESCRITOR AUGUSTO CURY;AVANTE
BR;2;VICE-PRESIDENTE;280002542549;13;GERALDO ALCKMIN;PSB
BR;2;VICE-PRESIDENTE;280002540693;14;CORONEL MEDINA;MISSÃO
BR;1;PRESIDENTE;280002539826;30;ZEMA;NOVO
BR;2;VICE-PRESIDENTE;280002539825;30;EDUARDO GIRAO;NOVO
BR;2;VICE-PRESIDENTE;280002551933;55;GILBERTO KASSAB;PSD
BR;2;VICE-PRESIDENTE;280002551543;22;ALFREDO GASPAR;PL
